op1,op2,op3,op4,op5,op6,sv1,sv2,sv3,sv4,sv5,sv6,lt,tt,pt,game_score,score,score_a,score_p,score_d,score_s,programa,sol1,estado
0,1,1,1,1,1,1,1,1,1,1,1,69,'\'(573.253522-741.552114]\'',61,'\'(15.967208-18.512556]\'',9,6,4,3,3,'INGENIERIA EN COMPUTACION E INFORMATICA',1,R
1,0,1,1,0,0,1,1,1,1,1,1,70,'\'(366.642527-459.963403]\'',81,'\'(15.967208-18.512556]\'',5,4,2,2,1,'INGENIERIA CIVIL INDUSTRIAL',1,R
1,1,0,1,0,1,1,1,0,1,1,1,74,'\'(459.963403-573.253522]\'',66,'\'(15.967208-18.512556]\'',8,5,4,2,2,'INGENIERIA INDUSTRIAL',1,R
1,0,0,1,0,0,1,0,0,1,1,1,95,'\'(-inf-366.642527]\'',107,'\'(18.512556-21.845585]\'',9,6,4,3,3,'INGENIERIA CIVIL INDUSTRIAL',1,R
1,1,1,1,1,1,1,1,1,1,1,1,61,'\'(741.552114-inf)\'',43,'\'(15.967208-18.512556]\'',6,4,3,2,3,'INGENIERIA EN COMPUTACION E INFORMATICA',1,R
1,1,0,1,0,1,1,1,0,1,1,1,66,'\'(-inf-366.642527]\'',33,'\'(-inf-13.465412]\'',8,4,4,3,3,'INGENIERIA EN COMPUTACION E INFORMATICA',1,R
1,0,0,0,0,0,1,1,0,1,0,0,99,'\'(366.642527-459.963403]\'',65,'\'(18.512556-21.845585]\'',5,2,2,2,3,'INGENIERIA CIVIL INFORMATICA',1,R
0,1,1,1,1,0,1,1,1,1,1,1,66,'\'(741.552114-inf)\'',88,'\'(21.845585-inf)\'',7,4,4,1,1,'INGENIERIA CIVIL INDUSTRIAL',5.2,R
1,1,1,1,0,0,1,1,1,1,1,1,65,'\'(573.253522-741.552114]\'',52,'\'(15.967208-18.512556]\'',8,4,5,2,3,'INGENIERIA EN COMPUTACION E INFORMATICA',3.6,R
1,1,0,1,1,0,1,1,0,1,1,1,65,'\'(366.642527-459.963403]\'',46,'\'(-inf-13.465412]\'',7,5,2,2,3,'INGENIERIA INDUSTRIAL',5,R
0,1,0,0,1,1,1,1,0,1,1,1,68,'\'(573.253522-741.552114]\'',117,'\'(18.512556-21.845585]\'',6,2,4,2,1,'INGENIERIA INDUSTRIAL',4.6,R
0,0,1,0,0,0,1,1,1,1,1,1,74,'\'(-inf-366.642527]\'',32,'\'(-inf-13.465412]\'',7,3,4,2,3,'INGENIERIA CIVIL INFORMATICA',3.6,R
1,1,1,1,0,0,1,1,1,1,1,1,66,'\'(366.642527-459.963403]\'',60,'\'(13.465412-15.967208]\'',9,5,4,3,2,'INGENIERIA EN COMPUTACION E INFORMATICA',4.4,R
0,1,1,1,1,1,1,1,1,1,1,1,67,'\'(-inf-366.642527]\'',45,'\'(-inf-13.465412]\'',5,3,3,1,2,'INGENIERIA EN COMPUTACION E INFORMATICA',4,R
0,1,1,1,1,1,1,1,1,1,1,1,65,'\'(573.253522-741.552114]\'',61,'\'(15.967208-18.512556]\'',4,3,1,3,3,'INGENIERIA EN COMPUTACION E INFORMATICA',4.2,R
1,1,0,1,0,0,1,1,0,1,1,0,74,'\'(573.253522-741.552114]\'',52,'\'(15.967208-18.512556]\'',5,4,2,1,2,'INGENIERIA CIVIL INFORMATICA',4.6,R
0,0,0,0,0,0,1,0,0,1,0,0,109,'\'(741.552114-inf)\'',37,'\'(21.845585-inf)\'',5,4,3,0,0,'INGENIERIA CIVIL INFORMATICA',1,R
0,1,1,1,1,1,1,1,1,1,1,1,63,'\'(-inf-366.642527]\'',34,'\'(-inf-13.465412]\'',7,3,4,2,1,'INGENIERIA EN COMPUTACION E INFORMATICA',4.2,R
0,0,1,1,1,0,1,1,1,1,1,1,73,'\'(573.253522-741.552114]\'',47,'\'(15.967208-18.512556]\'',8,5,3,3,3,'INGENIERIA INDUSTRIAL',4.6,R
0,0,0,1,1,1,1,1,0,1,1,1,89,'\'(459.963403-573.253522]\'',109,'\'(18.512556-21.845585]\'',3,2,2,0,0,'INGENIERIA EN COMPUTACION E INFORMATICA',4.3,R
1,1,1,0,0,1,1,1,1,1,1,1,64,'\'(741.552114-inf)\'',47,'\'(15.967208-18.512556]\'',8,5,3,3,3,'INGENIERIA INDUSTRIAL',5,R
1,0,0,0,0,0,1,1,0,0,0,1,111,'\'(741.552114-inf)\'',37,'\'(21.845585-inf)\'',7,5,2,3,3,'INGENIERIA EN COMPUTACION E INFORMATICA',2.8,R
0,1,0,0,0,0,1,1,0,1,1,1,72,'\'(573.253522-741.552114]\'',41,'\'(15.967208-18.512556]\'',4,3,3,0,1,'INGENIERIA EN COMPUTACION E INFORMATICA',2,R
1,0,0,0,0,0,1,0,0,1,1,1,82,'\'(459.963403-573.253522]\'',17,'\'(13.465412-15.967208]\'',7,4,4,2,2,'INGENIERIA EN COMPUTACION E INFORMATICA',4.6,R
1,1,0,1,1,1,1,1,0,1,1,1,64,'\'(-inf-366.642527]\'',51,'\'(-inf-13.465412]\'',5,2,3,2,1,'INGENIERIA CIVIL INFORMATICA',4.2,R
0,1,1,1,1,1,1,1,1,1,1,1,63,'\'(459.963403-573.253522]\'',23,'\'(-inf-13.465412]\'',8,5,4,1,2,'INGENIERIA CIVIL INDUSTRIAL',3.8,R
0,1,1,0,1,1,1,1,1,1,1,1,66,'\'(741.552114-inf)\'',50,'\'(15.967208-18.512556]\'',8,5,4,2,3,'INGENIERIA INDUSTRIAL',6.6,R
1,1,0,1,0,1,1,1,0,1,1,1,73,'\'(741.552114-inf)\'',51,'\'(18.512556-21.845585]\'',7,4,3,2,3,'INGENIERIA EN COMPUTACION E INFORMATICA',6.8,R
0,1,1,1,1,1,1,1,1,1,1,1,63,'\'(459.963403-573.253522]\'',67,'\'(13.465412-15.967208]\'',6,3,4,1,2,'INGENIERIA CIVIL INFORMATICA',4.4,R
0,1,0,0,0,0,1,1,0,1,1,1,93,'\'(-inf-366.642527]\'',70,'\'(15.967208-18.512556]\'',11,7,5,4,3,'INGENIERIA CIVIL INDUSTRIAL',1,R
0,1,1,0,0,1,1,1,1,1,1,1,72,'\'(459.963403-573.253522]\'',27,'\'(13.465412-15.967208]\'',5,3,2,2,1,'INGENIERIA EN COMPUTACION E INFORMATICA',6.4,R
1,1,0,0,0,0,1,1,0,0,1,1,101,'\'(366.642527-459.963403]\'',66,'\'(18.512556-21.845585]\'',11,7,5,4,3,'INGENIERIA EN COMPUTACION E INFORMATICA',6,R
1,1,0,1,0,0,1,1,0,1,0,0,103,'\'(-inf-366.642527]\'',108,'\'(21.845585-inf)\'',4,3,1,1,1,'INGENIERIA CIVIL INDUSTRIAL',6,R
0,1,0,0,0,0,1,1,0,0,0,1,83,'\'(366.642527-459.963403]\'',28,'\'(13.465412-15.967208]\'',8,6,3,3,3,'INGENIERIA EN COMPUTACION E INFORMATICA',4.4,R
0,0,0,0,0,0,1,1,0,0,1,1,84,'\'(741.552114-inf)\'',28,'\'(18.512556-21.845585]\'',4,3,0,3,2,'INGENIERIA CIVIL INDUSTRIAL',4.5,R
1,1,1,1,0,1,1,1,1,1,1,1,66,'\'(-inf-366.642527]\'',58,'\'(-inf-13.465412]\'',10,7,4,3,3,'INGENIERIA CIVIL INFORMATICA',5.1,R
1,1,0,0,0,1,1,1,0,1,1,1,65,'\'(366.642527-459.963403]\'',73,'\'(13.465412-15.967208]\'',6,3,3,2,2,'INGENIERIA EN COMPUTACION E INFORMATICA',4.8,R
0,1,1,1,1,1,1,1,1,1,1,1,65,'\'(-inf-366.642527]\'',44,'\'(-inf-13.465412]\'',6,3,3,2,2,'INGENIERIA EN COMPUTACION E INFORMATICA',4.8,R
1,1,1,1,0,0,1,1,1,1,1,1,66,'\'(741.552114-inf)\'',28,'\'(15.967208-18.512556]\'',4,3,1,1,2,'INGENIERIA EN COMPUTACION E INFORMATICA',6.3,R
0,1,1,0,0,1,1,1,1,1,1,1,70,'\'(366.642527-459.963403]\'',44,'\'(13.465412-15.967208]\'',9,5,5,3,3,'INGENIERIA CIVIL INDUSTRIAL',5.6,R
0,0,1,1,1,0,1,0,1,1,1,1,71,'\'(-inf-366.642527]\'',21,'\'(-inf-13.465412]\'',5,2,3,2,1,'INGENIERIA EN COMPUTACION E INFORMATICA',5.7,R
1,1,0,0,0,0,1,1,0,1,1,1,79,'\'(366.642527-459.963403]\'',28,'\'(13.465412-15.967208]\'',11,7,5,4,3,'INGENIERIA EN COMPUTACION E INFORMATICA',4.4,R
0,1,0,0,0,1,1,1,0,0,0,1,97,'\'(741.552114-inf)\'',48,'\'(18.512556-21.845585]\'',8,5,4,2,2,'INGENIERIA INDUSTRIAL',5.4,R
0,1,0,0,0,0,1,1,0,0,0,0,112,'\'(-inf-366.642527]\'',100,'\'(21.845585-inf)\'',5,3,1,2,2,'INGENIERIA CIVIL INFORMATICA',6.1,R
1,1,0,0,0,0,1,1,0,0,1,0,86,'\'(366.642527-459.963403]\'',91,'\'(18.512556-21.845585]\'',6,4,2,2,3,'INGENIERIA EN COMPUTACION E INFORMATICA',4.4,R
1,0,1,1,0,1,1,1,1,1,1,1,64,'\'(459.963403-573.253522]\'',30,'\'(-inf-13.465412]\'',4,3,1,1,1,'INGENIERIA CIVIL INDUSTRIAL',6.4,R
1,0,0,0,0,0,1,1,0,0,0,0,89,'\'(741.552114-inf)\'',85,'\'(21.845585-inf)\'',5,4,1,3,3,'INGENIERIA CIVIL INFORMATICA',4,R
1,1,0,0,1,0,1,1,0,1,1,1,92,'\'(741.552114-inf)\'',97,'\'(21.845585-inf)\'',6,4,2,3,3,'INGENIERIA CIVIL INFORMATICA',5.8,R
1,1,0,1,0,0,1,1,0,1,1,1,75,'\'(-inf-366.642527]\'',73,'\'(15.967208-18.512556]\'',5,3,2,1,2,'INGENIERIA EN COMPUTACION E INFORMATICA',4.9,R
1,1,0,1,0,0,1,1,0,1,1,0,70,'\'(366.642527-459.963403]\'',31,'\'(-inf-13.465412]\'',8,5,4,2,2,'INGENIERIA EN COMPUTACION E INFORMATICA',4.6,A
1,1,0,0,0,0,1,1,0,0,1,0,103,'\'(741.552114-inf)\'',61,'\'(21.845585-inf)\'',6,3,3,2,2,'INGENIERIA INDUSTRIAL',3.6,A
1,0,0,1,0,0,1,1,0,1,1,1,77,'\'(366.642527-459.963403]\'',38,'\'(13.465412-15.967208]\'',3,2,0,2,3,'INGENIERIA CIVIL INDUSTRIAL',3,A
1,0,0,0,0,0,1,1,0,0,0,0,99,'\'(-inf-366.642527]\'',85,'\'(18.512556-21.845585]\'',4,2,1,2,2,'INGENIERIA CIVIL INDUSTRIAL',5.5,A
1,0,0,1,0,1,1,1,0,1,0,1,82,'\'(573.253522-741.552114]\'',54,'\'(18.512556-21.845585]\'',8,5,4,3,2,'INGENIERIA CIVIL INDUSTRIAL',6.6,A
1,1,0,0,0,0,1,1,0,0,0,1,85,'\'(366.642527-459.963403]\'',57,'\'(15.967208-18.512556]\'',6,4,3,2,2,'INGENIERIA CIVIL INDUSTRIAL',5.3,A
0,1,0,1,0,1,1,1,0,1,1,1,66,'\'(-inf-366.642527]\'',60,'\'(-inf-13.465412]\'',6,4,3,2,2,'INGENIERIA CIVIL INFORMATICA',2.2,A
1,1,1,1,1,1,1,1,1,1,1,1,61,'\'(-inf-366.642527]\'',18,'\'(-inf-13.465412]\'',9,6,3,3,3,'INGENIERIA CIVIL INFORMATICA',6.6,A
0,0,0,0,0,0,1,1,0,1,0,1,101,'\'(741.552114-inf)\'',135,'\'(21.845585-inf)\'',3,2,1,1,1,'INGENIERIA EN COMPUTACION E INFORMATICA',3.6,A
1,0,0,1,0,0,1,1,0,1,0,0,110,'\'(-inf-366.642527]\'',135,'\'(21.845585-inf)\'',9,5,4,4,2,'INGENIERIA EN COMPUTACION E INFORMATICA',4.8,A
0,0,0,0,1,0,1,0,0,1,1,0,98,'\'(459.963403-573.253522]\'',35,'\'(18.512556-21.845585]\'',6,3,3,1,2,'INGENIERIA CIVIL INDUSTRIAL',3.9,A
1,1,1,1,1,1,1,1,1,1,1,1,61,'\'(366.642527-459.963403]\'',33,'\'(-inf-13.465412]\'',9,6,4,2,4,'INGENIERIA CIVIL INDUSTRIAL',6.2,A
1,1,0,0,0,1,1,1,0,1,1,1,88,'\'(573.253522-741.552114]\'',70,'\'(18.512556-21.845585]\'',6,4,1,3,3,'INGENIERIA EN COMPUTACION E INFORMATICA',5.3,A
0,1,1,0,1,1,1,1,1,0,1,1,69,'\'(741.552114-inf)\'',33,'\'(15.967208-18.512556]\'',8,4,5,2,3,'INGENIERIA CIVIL INFORMATICA',5.6,A
1,1,1,0,0,1,1,1,1,0,1,1,73,'\'(573.253522-741.552114]\'',59,'\'(15.967208-18.512556]\'',5,2,3,1,2,'INGENIERIA EN COMPUTACION E INFORMATICA',5.6,A
0,1,0,0,0,0,1,1,0,1,1,1,79,'\'(459.963403-573.253522]\'',47,'\'(15.967208-18.512556]\'',8,4,4,2,3,'INGENIERIA EN COMPUTACION E INFORMATICA',6,A
1,1,1,1,1,0,1,1,1,1,1,1,65,'\'(741.552114-inf)\'',60,'\'(21.845585-inf)\'',7,5,2,3,3,'INGENIERIA CIVIL INDUSTRIAL',5.8,A
1,0,1,1,1,1,1,1,1,1,1,1,63,'\'(366.642527-459.963403]\'',41,'\'(-inf-13.465412]\'',7,5,2,3,3,'INGENIERIA CIVIL INDUSTRIAL',5,A
0,0,0,0,0,0,0,0,0,0,0,0,177,'\'(741.552114-inf)\'',623,'\'(21.845585-inf)\'',7,4,2,3,3,'INGENIERIA CIVIL INDUSTRIAL',5,A
0,1,0,0,0,1,1,1,0,0,1,1,83,'\'(-inf-366.642527]\'',44,'\'(13.465412-15.967208]\'',10,6,5,2,2,'INGENIERIA EN COMPUTACION E INFORMATICA',6.2,A
0,1,1,1,0,0,1,1,1,1,1,1,67,'\'(573.253522-741.552114]\'',30,'\'(13.465412-15.967208]\'',8,6,3,3,3,'INGENIERIA CIVIL INDUSTRIAL',5.2,A
1,1,0,1,0,1,1,1,0,1,1,1,65,'\'(366.642527-459.963403]\'',23,'\'(-inf-13.465412]\'',11,7,5,4,3,'INGENIERIA CIVIL INDUSTRIAL',6.2,A
0,1,0,0,0,1,1,1,0,0,1,1,107,'\'(459.963403-573.253522]\'',53,'\'(18.512556-21.845585]\'',3,2,2,0,1,'INGENIERIA CIVIL INDUSTRIAL',6,A
0,0,0,0,0,0,1,0,0,1,0,1,116,'\'(-inf-366.642527]\'',102,'\'(21.845585-inf)\'',9,6,3,3,2,'INGENIERIA CIVIL INDUSTRIAL',7,A
1,1,0,0,0,0,1,1,0,0,0,1,86,'\'(573.253522-741.552114]\'',34,'\'(15.967208-18.512556]\'',3,2,1,1,2,'INGENIERIA EN COMPUTACION E INFORMATICA',6.5,A
0,1,0,0,0,0,1,1,0,0,0,0,172,'\'(-inf-366.642527]\'',239,'\'(21.845585-inf)\'',6,2,4,1,1,'INGENIERIA EN COMPUTACION E INFORMATICA',4.6,A
0,1,0,0,1,0,1,1,0,1,1,0,75,'\'(573.253522-741.552114]\'',60,'\'(15.967208-18.512556]\'',5,2,3,1,1,'INGENIERIA CIVIL INDUSTRIAL',5.8,A
0,0,0,1,0,1,1,0,0,1,0,1,117,'\'(741.552114-inf)\'',118,'\'(21.845585-inf)\'',3,2,1,1,1,'INGENIERIA EN COMPUTACION E INFORMATICA',4.2,A
1,1,0,1,0,1,1,1,0,1,1,1,67,'\'(366.642527-459.963403]\'',24,'\'(-inf-13.465412]\'',5,2,2,2,1,'INGENIERIA EN COMPUTACION E INFORMATICA',4.2,A
0,1,0,0,0,1,1,1,0,0,1,1,75,'\'(741.552114-inf)\'',109,'\'(21.845585-inf)\'',9,5,5,3,2,'INGENIERIA CIVIL INDUSTRIAL',4.5,A
1,0,0,0,1,1,1,1,0,0,1,1,75,'\'(366.642527-459.963403]\'',159,'\'(21.845585-inf)\'',9,5,4,3,3,'INGENIERIA EN COMPUTACION E INFORMATICA',6,A
1,1,0,0,1,0,1,1,0,1,1,1,71,'\'(459.963403-573.253522]\'',38,'\'(13.465412-15.967208]\'',8,4,4,3,3,'INGENIERIA EN COMPUTACION E INFORMATICA',5.8,A
1,0,1,0,1,1,1,1,1,1,1,1,66,'\'(573.253522-741.552114]\'',93,'\'(18.512556-21.845585]\'',4,3,1,1,1,'INGENIERIA CIVIL INDUSTRIAL',5.8,A
0,0,0,0,0,1,0,1,0,0,1,1,102,'\'(741.552114-inf)\'',258,'\'(21.845585-inf)\'',3,3,1,0,1,'INGENIERIA CIVIL INDUSTRIAL',4.5,A
0,1,0,0,0,0,1,1,0,1,1,1,79,'\'(366.642527-459.963403]\'',129,'\'(18.512556-21.845585]\'',9,6,4,3,3,'INGENIERIA CIVIL INFORMATICA',6.8,A
1,1,1,1,1,0,1,1,1,1,1,1,65,'\'(-inf-366.642527]\'',33,'\'(-inf-13.465412]\'',11,7,4,4,3,'INGENIERIA EN COMPUTACION E INFORMATICA',6,A
1,1,0,0,0,0,1,1,0,0,1,1,85,'\'(459.963403-573.253522]\'',95,'\'(18.512556-21.845585]\'',9,7,2,4,3,'INGENIERIA CIVIL INDUSTRIAL',5.4,A
0,1,0,1,1,1,1,1,0,1,1,1,64,'\'(-inf-366.642527]\'',54,'\'(-inf-13.465412]\'',7,3,4,2,2,'INGENIERIA CIVIL INFORMATICA',5.8,A
1,1,0,0,0,0,1,1,0,1,1,0,75,'\'(-inf-366.642527]\'',36,'\'(13.465412-15.967208]\'',9,6,4,2,2,'INGENIERIA EN COMPUTACION E INFORMATICA',5.9,A
1,1,0,0,0,0,1,1,0,0,0,1,79,'\'(741.552114-inf)\'',35,'\'(18.512556-21.845585]\'',8,5,3,3,3,'INGENIERIA INDUSTRIAL',7,A
0,1,0,1,1,1,1,1,0,1,1,1,69,'\'(741.552114-inf)\'',126,'\'(21.845585-inf)\'',4,3,2,2,1,'INGENIERIA EN COMPUTACION E INFORMATICA',4.5,A
0,1,0,1,0,1,1,1,0,1,1,1,66,'\'(366.642527-459.963403]\'',47,'\'(13.465412-15.967208]\'',3,3,0,1,1,'INGENIERIA CIVIL INDUSTRIAL',5.8,A
1,1,0,1,0,0,1,1,0,1,1,1,71,'\'(741.552114-inf)\'',43,'\'(18.512556-21.845585]\'',8,5,3,3,2,'INGENIERIA EN COMPUTACION E INFORMATICA',5.9,A
1,1,1,0,0,1,1,1,1,1,1,1,67,'\'(573.253522-741.552114]\'',25,'\'(13.465412-15.967208]\'',6,4,2,3,2,'INGENIERIA CIVIL INDUSTRIAL',6.7,A
1,1,1,1,1,1,1,1,1,1,1,1,61,'\'(573.253522-741.552114]\'',141,'\'(18.512556-21.845585]\'',7,5,2,2,3,'INGENIERIA EN COMPUTACION E INFORMATICA',5,A
0,1,0,1,0,1,1,1,0,1,1,1,73,'\'(-inf-366.642527]\'',65,'\'(13.465412-15.967208]\'',7,4,3,2,3,'INGENIERIA EN COMPUTACION E INFORMATICA',6.9,A
1,1,1,1,1,1,1,1,1,1,1,1,61,'\'(-inf-366.642527]\'',26,'\'(-inf-13.465412]\'',5,3,2,2,1,'INGENIERIA CIVIL INDUSTRIAL',5.8,A
0,1,0,1,0,1,1,1,0,1,1,1,69,'\'(573.253522-741.552114]\'',40,'\'(15.967208-18.512556]\'',6,3,3,2,3,'INGENIERIA CIVIL INDUSTRIAL',7,A
0,1,1,1,0,0,1,1,1,1,1,1,71,'\'(573.253522-741.552114]\'',182,'\'(21.845585-inf)\'',6,3,3,1,2,'INGENIERIA CIVIL INDUSTRIAL',6.3,A
1,1,1,1,0,1,1,1,1,1,1,1,65,'\'(573.253522-741.552114]\'',75,'\'(15.967208-18.512556]\'',7,4,3,2,3,'INGENIERIA CIVIL INDUSTRIAL',6.9,A
1,1,0,0,0,1,1,1,0,0,1,1,71,'\'(573.253522-741.552114]\'',49,'\'(15.967208-18.512556]\'',8,5,4,3,2,'INGENIERIA CIVIL INDUSTRIAL',5.6,A
1,0,0,1,1,1,1,1,0,1,1,1,76,'\'(741.552114-inf)\'',43,'\'(21.845585-inf)\'',6,2,3,2,3,'INGENIERIA CIVIL INDUSTRIAL',7,A
1,1,1,1,1,1,1,1,1,1,1,1,61,'\'(741.552114-inf)\'',55,'\'(15.967208-18.512556]\'',7,5,3,2,3,'INGENIERIA CIVIL INFORMATICA',6.6,A
1,1,1,1,1,0,1,1,1,1,1,1,65,'\'(459.963403-573.253522]\'',28,'\'(13.465412-15.967208]\'',8,6,3,4,3,'INGENIERIA CIVIL INDUSTRIAL',6.9,A
0,1,1,1,0,0,1,1,1,1,1,1,81,'\'(573.253522-741.552114]\'',113,'\'(18.512556-21.845585]\'',6,3,3,2,2,'INGENIERIA CIVIL INDUSTRIAL',5,A
1,1,0,1,0,1,1,1,0,1,1,1,73,'\'(741.552114-inf)\'',24,'\'(15.967208-18.512556]\'',7,5,3,3,2,'INGENIERIA EN COMPUTACION E INFORMATICA',5.6,A
0,1,0,0,0,0,1,1,0,0,1,1,86,'\'(-inf-366.642527]\'',93,'\'(15.967208-18.512556]\'',3,2,0,2,1,'INGENIERIA CIVIL INDUSTRIAL',5.5,A
1,1,0,1,0,1,1,1,0,1,1,1,66,'\'(573.253522-741.552114]\'',55,'\'(13.465412-15.967208]\'',8,6,3,3,3,'INGENIERIA CIVIL INDUSTRIAL',4.8,A
0,0,0,0,0,0,1,1,0,0,1,0,142,'\'(741.552114-inf)\'',137,'\'(21.845585-inf)\'',5,2,2,2,2,'INGENIERIA CIVIL INDUSTRIAL',6,A
1,1,0,1,1,0,1,1,0,1,1,1,66,'\'(366.642527-459.963403]\'',19,'\'(-inf-13.465412]\'',7,4,3,3,3,'INGENIERIA CIVIL INFORMATICA',5.8,A
1,1,0,1,1,1,1,1,0,1,1,1,63,'\'(741.552114-inf)\'',26,'\'(13.465412-15.967208]\'',10,7,4,4,3,'INGENIERIA CIVIL INFORMATICA',6.2,A
1,1,0,1,0,0,1,1,0,1,0,1,78,'\'(366.642527-459.963403]\'',147,'\'(18.512556-21.845585]\'',5,5,1,2,2,'INGENIERIA CIVIL INDUSTRIAL',6,A
1,1,1,1,1,1,1,1,1,1,1,1,61,'\'(-inf-366.642527]\'',46,'\'(-inf-13.465412]\'',5,2,3,1,2,'INGENIERIA CIVIL INFORMATICA',6.6,A
1,1,0,1,1,1,1,1,0,1,1,1,63,'\'(741.552114-inf)\'',47,'\'(18.512556-21.845585]\'',4,2,3,1,1,'INGENIERIA CIVIL INDUSTRIAL',3.8,A
1,1,1,1,1,1,1,1,1,1,1,1,61,'\'(366.642527-459.963403]\'',89,'\'(13.465412-15.967208]\'',7,3,4,2,3,'INGENIERIA EN COMPUTACION E INFORMATICA',6.1,A
1,0,1,1,1,1,1,1,1,1,1,1,65,'\'(366.642527-459.963403]\'',42,'\'(-inf-13.465412]\'',7,4,4,1,2,'INGENIERIA EN COMPUTACION E INFORMATICA',4.8,A
0,0,0,0,0,0,0,0,0,1,1,0,105,'\'(459.963403-573.253522]\'',80,'\'(21.845585-inf)\'',10,6,4,4,3,'INGENIERIA CIVIL INFORMATICA',6.4,A
1,1,0,1,0,1,1,1,0,1,1,1,66,'\'(573.253522-741.552114]\'',20,'\'(13.465412-15.967208]\'',8,5,3,3,3,'INGENIERIA CIVIL INDUSTRIAL',6.5,A
0,0,0,1,0,0,0,0,0,1,0,0,119,'\'(573.253522-741.552114]\'',186,'\'(21.845585-inf)\'',5,3,2,3,2,'INGENIERIA EN COMPUTACION E INFORMATICA',4.7,A
0,1,0,0,1,0,1,1,0,0,1,0,86,'\'(741.552114-inf)\'',70,'\'(21.845585-inf)\'',7,4,3,2,1,'INGENIERIA CIVIL INDUSTRIAL',6.9,A
0,1,1,1,1,1,1,1,1,1,1,1,65,'\'(573.253522-741.552114]\'',34,'\'(13.465412-15.967208]\'',8,6,4,1,1,'INGENIERIA EN COMPUTACION E INFORMATICA',6.4,A
0,0,0,0,0,0,1,1,0,1,1,1,81,'\'(741.552114-inf)\'',62,'\'(18.512556-21.845585]\'',7,4,4,2,2,'INGENIERIA CIVIL INDUSTRIAL',6.2,A
0,0,0,0,0,0,1,1,0,0,1,0,144,'\'(741.552114-inf)\'',142,'\'(21.845585-inf)\'',5,4,2,2,2,'INGENIERIA CIVIL INDUSTRIAL',5.2,A
0,1,1,0,0,1,1,1,1,1,1,1,65,'\'(366.642527-459.963403]\'',41,'\'(-inf-13.465412]\'',9,5,4,3,3,'INGENIERIA EN COMPUTACION E INFORMATICA',6.4,A
0,0,0,1,0,1,1,1,0,1,1,1,80,'\'(-inf-366.642527]\'',97,'\'(15.967208-18.512556]\'',9,6,4,3,3,'INGENIERIA CIVIL INDUSTRIAL',6.7,A
1,1,0,0,1,0,1,1,0,0,1,1,72,'\'(366.642527-459.963403]\'',41,'\'(13.465412-15.967208]\'',8,5,3,3,3,'INGENIERIA EN COMPUTACION E INFORMATICA',6.6,A
1,1,0,0,0,0,1,1,0,1,0,1,81,'\'(573.253522-741.552114]\'',26,'\'(15.967208-18.512556]\'',6,4,4,1,0,'BACHILLERATO EN CIENCIAS',7,A
0,1,0,0,1,1,1,1,0,1,1,1,70,'\'(741.552114-inf)\'',69,'\'(18.512556-21.845585]\'',8,5,4,3,3,'INGENIERIA EN COMPUTACION E INFORMATICA',3.8,A
0,0,0,0,0,0,1,0,0,0,1,0,121,'\'(741.552114-inf)\'',49,'\'(21.845585-inf)\'',4,3,2,1,2,'INGENIERIA EN COMPUTACION E INFORMATICA',6,A
0,1,1,1,1,0,1,1,1,1,1,0,72,'\'(459.963403-573.253522]\'',67,'\'(15.967208-18.512556]\'',6,3,3,2,1,'INGENIERIA CIVIL INDUSTRIAL',7,A
0,0,1,1,1,1,1,1,1,1,1,1,64,'\'(459.963403-573.253522]\'',35,'\'(13.465412-15.967208]\'',7,4,4,1,2,'INGENIERIA CIVIL INDUSTRIAL',5.4,A
0,1,1,0,0,0,1,1,1,1,1,1,79,'\'(741.552114-inf)\'',135,'\'(21.845585-inf)\'',6,4,2,3,3,'INGENIERIA CIVIL INFORMATICA',6.2,A
0,1,0,0,0,0,1,1,0,1,1,0,105,'\'(-inf-366.642527]\'',102,'\'(21.845585-inf)\'',5,3,2,1,2,'INGENIERIA CIVIL INDUSTRIAL',6.2,A
0,1,1,0,0,1,1,1,1,1,1,1,71,'\'(459.963403-573.253522]\'',45,'\'(13.465412-15.967208]\'',7,5,3,2,1,'INGENIERIA CIVIL INDUSTRIAL',6.2,A
1,1,1,0,1,1,1,1,1,1,1,1,65,'\'(-inf-366.642527]\'',35,'\'(-inf-13.465412]\'',9,6,5,2,2,'INGENIERIA EN COMPUTACION E INFORMATICA',5.9,A
0,1,1,1,1,0,1,1,1,1,1,1,65,'\'(741.552114-inf)\'',69,'\'(18.512556-21.845585]\'',8,6,4,3,2,'INGENIERIA CIVIL INDUSTRIAL',5.8,A
0,1,0,0,1,1,1,1,0,1,1,1,67,'\'(-inf-366.642527]\'',70,'\'(-inf-13.465412]\'',8,4,4,3,2,'INGENIERIA CIVIL INFORMATICA',5.6,A
0,1,0,0,0,0,1,1,0,1,0,0,108,'\'(573.253522-741.552114]\'',25,'\'(18.512556-21.845585]\'',10,7,5,2,2,'INGENIERIA EN COMPUTACION E INFORMATICA',4.8,A
1,1,0,0,0,1,1,1,0,0,1,1,81,'\'(366.642527-459.963403]\'',48,'\'(15.967208-18.512556]\'',8,5,4,2,2,'INGENIERIA CIVIL INDUSTRIAL',6.9,A
1,1,1,1,1,1,1,1,1,1,1,1,61,'\'(-inf-366.642527]\'',37,'\'(-inf-13.465412]\'',7,4,4,2,3,'INGENIERIA EN COMPUTACION E INFORMATICA',6.7,A
1,1,0,0,1,0,1,1,0,1,1,1,70,'\'(741.552114-inf)\'',71,'\'(18.512556-21.845585]\'',9,5,5,2,3,'INGENIERIA CIVIL INDUSTRIAL',5,A
0,1,0,0,0,0,1,1,0,1,1,0,79,'\'(573.253522-741.552114]\'',105,'\'(21.845585-inf)\'',7,5,2,3,2,'INGENIERIA CIVIL INDUSTRIAL',6.1,A
1,1,1,0,0,1,1,1,1,1,1,1,65,'\'(-inf-366.642527]\'',18,'\'(-inf-13.465412]\'',11,7,5,3,2,'INGENIERIA CIVIL INDUSTRIAL',6.6,A
1,1,1,1,1,1,1,1,1,1,1,1,61,'\'(459.963403-573.253522]\'',37,'\'(-inf-13.465412]\'',3,2,1,1,1,'INGENIERIA EN COMPUTACION E INFORMATICA',3.7,A
0,0,1,0,0,1,1,1,1,1,0,1,75,'\'(573.253522-741.552114]\'',42,'\'(15.967208-18.512556]\'',1,1,0,0,1,'INGENIERIA CIVIL INDUSTRIAL',5.9,A
1,0,0,0,0,0,1,1,0,0,1,0,99,'\'(741.552114-inf)\'',44,'\'(21.845585-inf)\'',6,4,1,3,3,'INGENIERIA CIVIL INDUSTRIAL',6.3,A
1,1,0,0,1,0,1,1,0,1,1,1,70,'\'(-inf-366.642527]\'',60,'\'(13.465412-15.967208]\'',10,6,5,3,2,'INGENIERIA CIVIL INFORMATICA',6.3,A
1,1,1,0,0,1,1,1,1,1,1,1,65,'\'(573.253522-741.552114]\'',66,'\'(15.967208-18.512556]\'',6,5,1,2,3,'INGENIERIA CIVIL INDUSTRIAL',5.2,A
0,1,1,0,0,0,1,1,1,0,0,1,82,'\'(459.963403-573.253522]\'',40,'\'(15.967208-18.512556]\'',8,7,1,4,3,'INGENIERIA CIVIL INDUSTRIAL',3.8,A
1,0,0,0,0,1,1,1,0,1,1,1,77,'\'(366.642527-459.963403]\'',54,'\'(15.967208-18.512556]\'',11,7,5,3,3,'INGENIERIA INDUSTRIAL',6.6,A
0,1,1,1,1,1,1,1,1,1,1,1,63,'\'(459.963403-573.253522]\'',17,'\'(-inf-13.465412]\'',7,4,2,3,3,'INGENIERIA CIVIL INFORMATICA',4.3,A
1,1,0,0,1,1,1,1,0,1,1,1,64,'\'(-inf-366.642527]\'',29,'\'(-inf-13.465412]\'',10,7,4,3,3,'INGENIERIA CIVIL INFORMATICA',6.8,A
1,1,0,0,0,1,1,1,0,1,1,1,67,'\'(366.642527-459.963403]\'',49,'\'(13.465412-15.967208]\'',5,3,3,2,1,'INGENIERIA CIVIL INDUSTRIAL',6.1,A
1,1,1,1,1,1,1,1,1,1,1,1,61,'\'(741.552114-inf)\'',35,'\'(15.967208-18.512556]\'',7,5,3,2,3,'INGENIERIA EN COMPUTACION E INFORMATICA',6.3,A
1,1,1,0,1,1,1,1,1,1,1,1,63,'\'(741.552114-inf)\'',45,'\'(18.512556-21.845585]\'',7,5,3,2,3,'INGENIERIA EN COMPUTACION E INFORMATICA',6,A
0,1,0,1,1,1,1,1,0,1,1,1,64,'\'(573.253522-741.552114]\'',48,'\'(13.465412-15.967208]\'',6,4,3,1,2,'INGENIERIA CIVIL INDUSTRIAL',6.6,A
0,0,0,0,1,0,1,1,0,0,1,0,102,'\'(573.253522-741.552114]\'',90,'\'(21.845585-inf)\'',6,4,2,1,2,'INGENIERIA CIVIL INDUSTRIAL',7,A
1,0,0,0,0,0,1,1,0,1,0,0,98,'\'(-inf-366.642527]\'',83,'\'(18.512556-21.845585]\'',10,6,5,3,3,'INGENIERIA CIVIL INFORMATICA',4.7,A
1,1,0,0,0,1,1,1,0,0,1,1,81,'\'(573.253522-741.552114]\'',62,'\'(18.512556-21.845585]\'',9,5,5,2,2,'INGENIERIA CIVIL INDUSTRIAL',5.9,A
1,1,1,1,1,1,1,1,1,1,1,1,61,'\'(741.552114-inf)\'',60,'\'(15.967208-18.512556]\'',2,2,2,0,0,'INGENIERIA CIVIL INDUSTRIAL',5.3,A
1,1,0,1,1,1,1,1,0,1,1,1,62,'\'(366.642527-459.963403]\'',28,'\'(-inf-13.465412]\'',10,6,4,4,3,'INGENIERIA CIVIL INDUSTRIAL',6.8,A
1,1,1,0,0,1,1,1,1,1,1,1,68,'\'(741.552114-inf)\'',105,'\'(21.845585-inf)\'',7,3,5,1,1,'INGENIERIA CIVIL INDUSTRIAL',4.4,A
0,1,1,1,1,1,0,1,1,1,1,1,85,'\'(741.552114-inf)\'',265,'\'(21.845585-inf)\'',8,5,4,3,3,'INGENIERIA EN COMPUTACION E INFORMATICA',5.2,A
0,0,0,0,0,1,1,1,0,1,1,1,74,'\'(459.963403-573.253522]\'',86,'\'(15.967208-18.512556]\'',4,2,1,2,2,'INGENIERIA EN COMPUTACION E INFORMATICA',6.6,A
1,1,1,0,1,1,1,1,1,1,1,1,63,'\'(-inf-366.642527]\'',23,'\'(-inf-13.465412]\'',8,6,3,3,3,'INGENIERIA EN COMPUTACION E INFORMATICA',5,A
0,0,0,0,0,0,1,0,0,1,1,0,99,'\'(366.642527-459.963403]\'',157,'\'(21.845585-inf)\'',4,3,1,1,2,'INGENIERIA CIVIL INDUSTRIAL',5.4,A
0,1,0,1,0,1,1,1,0,1,1,1,75,'\'(741.552114-inf)\'',98,'\'(21.845585-inf)\'',8,4,5,2,2,'INGENIERIA CIVIL INFORMATICA',6.2,A
1,1,0,0,0,1,1,1,0,1,1,1,70,'\'(-inf-366.642527]\'',13,'\'(-inf-13.465412]\'',8,4,4,3,2,'INGENIERIA INDUSTRIAL',6.4,A
0,0,0,1,0,0,1,1,0,1,1,0,85,'\'(366.642527-459.963403]\'',59,'\'(15.967208-18.512556]\'',8,5,5,1,1,'INGENIERIA INDUSTRIAL',6.3,A
0,1,1,1,1,1,1,1,1,1,1,1,62,'\'(366.642527-459.963403]\'',35,'\'(-inf-13.465412]\'',7,4,3,2,2,'INGENIERIA CIVIL INFORMATICA',6.6,A
0,1,0,0,0,0,1,1,0,1,1,0,102,'\'(741.552114-inf)\'',99,'\'(21.845585-inf)\'',6,3,5,0,0,'INGENIERIA CIVIL INFORMATICA',6.4,A
0,1,0,0,0,0,1,1,0,0,1,1,106,'\'(573.253522-741.552114]\'',95,'\'(21.845585-inf)\'',2,2,1,0,1,'INGENIERIA CIVIL INDUSTRIAL',5.9,A
1,0,0,0,0,0,1,1,0,0,1,1,88,'\'(741.552114-inf)\'',75,'\'(21.845585-inf)\'',10,7,4,4,3,'INGENIERIA CIVIL INDUSTRIAL',6.5,A
1,1,0,1,1,1,1,1,0,1,1,1,65,'\'(459.963403-573.253522]\'',46,'\'(13.465412-15.967208]\'',10,7,4,4,3,'INGENIERIA EN COMPUTACION E INFORMATICA',6.9,A
1,1,0,1,1,0,1,1,0,1,1,1,66,'\'(366.642527-459.963403]\'',26,'\'(-inf-13.465412]\'',5,3,2,1,2,'INGENIERIA EN COMPUTACION E INFORMATICA',5.6,A
1,1,0,1,0,1,1,1,0,1,1,1,67,'\'(-inf-366.642527]\'',60,'\'(13.465412-15.967208]\'',11,7,5,3,4,'INGENIERIA CIVIL INDUSTRIAL',7,A
1,1,1,1,1,0,1,1,1,1,1,1,63,'\'(-inf-366.642527]\'',45,'\'(-inf-13.465412]\'',9,5,5,2,2,'INGENIERIA CIVIL INFORMATICA',6.8,A
1,1,1,1,0,0,1,1,1,1,1,1,65,'\'(459.963403-573.253522]\'',45,'\'(13.465412-15.967208]\'',9,6,4,3,3,'INGENIERIA CIVIL INDUSTRIAL',5.2,A
1,0,0,0,0,0,1,1,0,0,1,0,120,'\'(573.253522-741.552114]\'',148,'\'(21.845585-inf)\'',10,6,4,4,4,'INGENIERIA CIVIL INFORMATICA',5.7,A
0,1,0,0,0,1,1,1,0,0,1,1,73,'\'(366.642527-459.963403]\'',32,'\'(13.465412-15.967208]\'',8,5,5,1,1,'INGENIERIA EN COMPUTACION E INFORMATICA',5.6,A
0,1,1,0,0,0,1,1,1,0,1,1,78,'\'(573.253522-741.552114]\'',49,'\'(15.967208-18.512556]\'',8,5,3,3,3,'INGENIERIA CIVIL INDUSTRIAL',6.2,A
0,1,0,1,0,0,1,1,0,1,1,0,80,'\'(573.253522-741.552114]\'',78,'\'(18.512556-21.845585]\'',10,6,4,3,3,'INGENIERIA CIVIL INDUSTRIAL',6.3,A
1,1,0,1,0,0,1,1,0,1,1,1,71,'\'(366.642527-459.963403]\'',122,'\'(18.512556-21.845585]\'',8,4,4,3,3,'INGENIERIA EN COMPUTACION E INFORMATICA',6.6,A
1,0,1,1,1,1,1,1,1,1,1,1,63,'\'(366.642527-459.963403]\'',51,'\'(13.465412-15.967208]\'',8,4,4,2,3,'INGENIERIA CIVIL INDUSTRIAL',5.7,A
1,1,0,0,0,0,1,1,0,0,0,0,92,'\'(573.253522-741.552114]\'',43,'\'(18.512556-21.845585]\'',5,3,2,1,2,'INGENIERIA INDUSTRIAL',6.5,A
0,1,0,0,0,0,1,1,0,0,0,0,121,'\'(573.253522-741.552114]\'',52,'\'(21.845585-inf)\'',5,3,1,2,3,'INGENIERIA CIVIL INDUSTRIAL',6.5,A
0,0,1,1,1,1,1,1,1,1,1,1,73,'\'(366.642527-459.963403]\'',43,'\'(13.465412-15.967208]\'',6,5,1,4,3,'INGENIERIA EN COMPUTACION E INFORMATICA',5.9,A
0,1,1,1,1,0,1,1,1,1,1,1,64,'\'(573.253522-741.552114]\'',75,'\'(15.967208-18.512556]\'',3,2,0,2,1,'INGENIERIA EN COMPUTACION E INFORMATICA',6.6,A
1,1,1,1,1,1,1,1,1,1,1,1,61,'\'(-inf-366.642527]\'',17,'\'(-inf-13.465412]\'',7,4,2,4,2,'INGENIERIA CIVIL INFORMATICA',6.8,A
1,1,0,1,1,0,1,1,0,1,1,1,66,'\'(-inf-366.642527]\'',55,'\'(13.465412-15.967208]\'',6,4,2,3,3,'INGENIERIA EN COMPUTACION E INFORMATICA',6.8,A
0,1,0,0,0,1,1,1,0,0,1,1,93,'\'(459.963403-573.253522]\'',88,'\'(18.512556-21.845585]\'',8,5,4,2,3,'INGENIERIA CIVIL INFORMATICA',5,A
0,0,1,0,0,1,1,1,1,0,1,1,80,'\'(573.253522-741.552114]\'',129,'\'(21.845585-inf)\'',6,6,2,2,1,'INGENIERIA EN COMPUTACION E INFORMATICA',6.4,A
0,1,1,1,1,1,1,1,1,1,1,1,63,'\'(741.552114-inf)\'',55,'\'(21.845585-inf)\'',6,3,3,2,2,'INGENIERIA CIVIL INFORMATICA',5.7,A
0,1,1,1,1,1,1,1,1,1,1,1,68,'\'(459.963403-573.253522]\'',58,'\'(13.465412-15.967208]\'',7,4,3,1,2,'INGENIERIA CIVIL INDUSTRIAL',5,A
1,1,0,0,0,1,1,1,0,1,1,1,69,'\'(573.253522-741.552114]\'',105,'\'(18.512556-21.845585]\'',7,3,5,1,2,'INGENIERIA INDUSTRIAL',4.8,A
0,0,0,0,0,1,1,1,0,1,1,1,88,'\'(366.642527-459.963403]\'',31,'\'(13.465412-15.967208]\'',10,6,5,3,3,'INGENIERIA CIVIL INFORMATICA',7,A
0,0,0,0,0,0,1,1,0,1,1,0,97,'\'(573.253522-741.552114]\'',24,'\'(18.512556-21.845585]\'',10,7,4,4,3,'INGENIERIA CIVIL INDUSTRIAL',6.7,A
1,1,1,1,1,0,1,1,1,1,1,1,62,'\'(-inf-366.642527]\'',25,'\'(-inf-13.465412]\'',7,5,4,2,1,'INGENIERIA CIVIL INFORMATICA',6.8,A
1,1,1,1,1,0,1,1,1,1,1,0,66,'\'(741.552114-inf)\'',100,'\'(18.512556-21.845585]\'',6,5,3,1,1,'INGENIERIA CIVIL INDUSTRIAL',5.9,A
0,0,0,0,0,1,1,1,0,0,1,1,111,'\'(573.253522-741.552114]\'',62,'\'(21.845585-inf)\'',2,1,1,1,1,'INGENIERIA CIVIL INDUSTRIAL',6.7,A
0,1,0,1,1,0,1,1,0,1,1,0,87,'\'(366.642527-459.963403]\'',65,'\'(15.967208-18.512556]\'',9,5,4,3,2,'INGENIERIA EN COMPUTACION E INFORMATICA',6.8,A
0,0,0,1,1,0,1,1,0,1,1,1,79,'\'(459.963403-573.253522]\'',110,'\'(18.512556-21.845585]\'',2,2,0,1,1,'INGENIERIA EN COMPUTACION E INFORMATICA',6,A
0,0,0,1,0,0,1,1,0,1,1,0,98,'\'(-inf-366.642527]\'',34,'\'(15.967208-18.512556]\'',5,3,2,2,2,'INGENIERIA EN COMPUTACION E INFORMATICA',5.3,A
1,1,0,0,0,0,1,1,0,0,1,0,90,'\'(366.642527-459.963403]\'',69,'\'(18.512556-21.845585]\'',4,3,1,3,1,'INGENIERIA EN COMPUTACION E INFORMATICA',5.3,A
0,1,1,0,0,0,1,1,1,1,1,1,73,'\'(459.963403-573.253522]\'',78,'\'(15.967208-18.512556]\'',6,4,1,4,3,'INGENIERIA EN COMPUTACION E INFORMATICA',5.4,A
1,1,0,0,0,0,1,1,0,0,0,1,103,'\'(741.552114-inf)\'',310,'\'(21.845585-inf)\'',4,3,1,2,1,'INGENIERIA EN COMPUTACION E INFORMATICA',2,A
1,1,1,0,0,0,1,1,1,1,1,1,73,'\'(459.963403-573.253522]\'',48,'\'(15.967208-18.512556]\'',5,5,1,1,1,'INGENIERIA CIVIL INDUSTRIAL',6.6,A
1,1,1,0,0,0,1,1,1,0,1,1,74,'\'(741.552114-inf)\'',169,'\'(21.845585-inf)\'',5,4,1,3,3,'INGENIERIA INDUSTRIAL',6.6,A
0,1,0,1,0,0,1,1,0,1,1,1,70,'\'(366.642527-459.963403]\'',73,'\'(15.967208-18.512556]\'',6,3,5,0,0,'INGENIERIA CIVIL INDUSTRIAL',5.8,A
1,1,0,0,1,1,1,1,0,1,1,1,91,'\'(573.253522-741.552114]\'',150,'\'(21.845585-inf)\'',7,4,4,2,3,'INGENIERIA CIVIL INDUSTRIAL',7,A
0,1,1,1,0,1,1,1,1,1,1,1,67,'\'(573.253522-741.552114]\'',75,'\'(15.967208-18.512556]\'',10,6,5,2,4,'INGENIERIA CIVIL INFORMATICA',6.8,A
1,1,1,1,0,0,1,1,1,1,1,0,72,'\'(459.963403-573.253522]\'',42,'\'(13.465412-15.967208]\'',8,5,5,2,0,'INGENIERIA EN COMPUTACION E INFORMATICA',6.7,A
1,1,1,1,1,0,1,1,1,1,1,1,63,'\'(366.642527-459.963403]\'',44,'\'(-inf-13.465412]\'',8,5,5,0,1,'INGENIERIA CIVIL INFORMATICA',6.3,A
1,1,0,0,0,1,1,1,0,0,1,1,100,'\'(741.552114-inf)\'',165,'\'(21.845585-inf)\'',5,3,2,2,1,'INGENIERIA CIVIL INDUSTRIAL',7,A
0,1,0,0,0,1,1,1,0,0,1,1,77,'\'(459.963403-573.253522]\'',73,'\'(15.967208-18.512556]\'',6,4,2,2,2,'INGENIERIA CIVIL INDUSTRIAL',6.6,A
1,1,0,0,0,1,1,1,0,1,1,1,79,'\'(-inf-366.642527]\'',89,'\'(15.967208-18.512556]\'',7,5,3,2,1,'INGENIERIA CIVIL INDUSTRIAL',6,A
1,1,0,0,0,0,1,1,0,0,1,0,82,'\'(573.253522-741.552114]\'',53,'\'(18.512556-21.845585]\'',7,3,4,3,2,'INGENIERIA EN COMPUTACION E INFORMATICA',5.5,A
0,0,1,1,0,0,1,1,1,1,1,0,77,'\'(741.552114-inf)\'',61,'\'(18.512556-21.845585]\'',7,4,2,3,2,'INGENIERIA INDUSTRIAL',6.2,A
0,1,0,1,0,0,1,1,0,1,1,1,75,'\'(459.963403-573.253522]\'',35,'\'(13.465412-15.967208]\'',6,4,2,1,2,'INGENIERIA EN COMPUTACION E INFORMATICA',6.4,A
0,0,1,0,0,0,0,1,1,1,1,0,92,'\'(459.963403-573.253522]\'',79,'\'(18.512556-21.845585]\'',4,1,3,1,1,'INGENIERIA EN COMPUTACION E INFORMATICA',7,A
0,0,0,0,0,1,1,1,0,1,1,1,88,'\'(741.552114-inf)\'',82,'\'(21.845585-inf)\'',4,3,1,1,2,'INGENIERIA INDUSTRIAL',5.2,A
0,0,0,0,0,0,1,0,0,0,0,0,134,'\'(459.963403-573.253522]\'',88,'\'(21.845585-inf)\'',4,2,2,1,2,'INGENIERIA CIVIL INDUSTRIAL',6.2,A
0,0,0,0,0,0,1,0,0,0,1,0,97,'\'(459.963403-573.253522]\'',44,'\'(18.512556-21.845585]\'',6,4,3,1,1,'INGENIERIA CIVIL INDUSTRIAL',6.1,A
1,1,1,0,0,1,1,1,1,1,1,1,67,'\'(573.253522-741.552114]\'',38,'\'(13.465412-15.967208]\'',10,7,4,4,3,'INGENIERIA CIVIL INDUSTRIAL',7,A
0,0,1,0,1,0,1,1,1,1,1,1,67,'\'(573.253522-741.552114]\'',47,'\'(15.967208-18.512556]\'',10,7,4,4,3,'INGENIERIA CIVIL INDUSTRIAL',5.6,A
0,1,1,0,0,0,1,1,1,1,1,1,73,'\'(741.552114-inf)\'',65,'\'(18.512556-21.845585]\'',1,1,1,0,0,'INGENIERIA EN COMPUTACION E INFORMATICA',6.8,A
1,0,0,0,0,1,1,0,0,0,1,1,88,'\'(741.552114-inf)\'',174,'\'(21.845585-inf)\'',5,5,1,2,1,'INGENIERIA CIVIL INDUSTRIAL',6.4,A
0,0,0,1,0,0,1,1,0,1,1,1,75,'\'(741.552114-inf)\'',102,'\'(21.845585-inf)\'',8,5,4,3,3,'INGENIERIA CIVIL INDUSTRIAL',6.6,A
1,1,1,1,1,1,1,1,1,1,1,1,61,'\'(-inf-366.642527]\'',43,'\'(-inf-13.465412]\'',7,5,2,3,3,'INGENIERIA CIVIL INFORMATICA',6.4,A
1,0,1,1,0,1,1,1,1,1,1,1,64,'\'(-inf-366.642527]\'',30,'\'(-inf-13.465412]\'',3,1,1,2,1,'INGENIERIA EN COMPUTACION E INFORMATICA',6,A
0,0,0,1,0,0,1,1,0,1,1,1,81,'\'(573.253522-741.552114]\'',85,'\'(18.512556-21.845585]\'',12,8,5,4,3,'INGENIERIA EN COMPUTACION E INFORMATICA',6,A
0,0,0,1,0,0,1,1,0,1,1,0,75,'\'(573.253522-741.552114]\'',36,'\'(15.967208-18.512556]\'',9,5,5,2,3,'INGENIERIA CIVIL INDUSTRIAL',6.4,A
1,0,0,1,0,0,1,0,0,1,1,1,80,'\'(-inf-366.642527]\'',31,'\'(13.465412-15.967208]\'',7,4,3,2,3,'INGENIERIA EN COMPUTACION E INFORMATICA',6.9,A
0,1,0,0,0,0,1,1,0,1,1,1,83,'\'(741.552114-inf)\'',77,'\'(21.845585-inf)\'',8,5,4,2,3,'INGENIERIA CIVIL INDUSTRIAL',6.8,A
0,0,0,0,0,1,1,1,0,1,1,1,79,'\'(366.642527-459.963403]\'',80,'\'(15.967208-18.512556]\'',10,6,5,3,3,'INGENIERIA EN COMPUTACION E INFORMATICA',6.5,A
1,1,1,1,1,0,1,1,1,1,1,1,63,'\'(-inf-366.642527]\'',39,'\'(-inf-13.465412]\'',9,6,4,3,3,'INGENIERIA CIVIL INDUSTRIAL',5.5,A
1,1,1,0,1,1,1,1,1,1,1,1,63,'\'(366.642527-459.963403]\'',59,'\'(13.465412-15.967208]\'',8,4,5,2,2,'INGENIERIA CIVIL INDUSTRIAL',6.8,A
1,0,0,1,0,0,1,0,0,1,1,0,100,'\'(-inf-366.642527]\'',28,'\'(15.967208-18.512556]\'',8,5,5,1,1,'INGENIERIA CIVIL INFORMATICA',5.8,A
1,1,0,0,0,1,1,1,0,1,1,1,76,'\'(366.642527-459.963403]\'',66,'\'(15.967208-18.512556]\'',5,3,1,1,2,'INGENIERIA CIVIL INDUSTRIAL',6,A
1,1,0,0,0,0,1,1,0,0,0,0,113,'\'(-inf-366.642527]\'',90,'\'(21.845585-inf)\'',3,2,1,1,2,'INGENIERIA EN COMPUTACION E INFORMATICA',6.1,A
1,1,1,0,1,1,1,1,1,0,1,1,69,'\'(573.253522-741.552114]\'',58,'\'(15.967208-18.512556]\'',5,3,2,2,0,'INGENIERIA EN COMPUTACION E INFORMATICA',4,A
0,0,1,0,0,0,1,1,1,0,1,0,95,'\'(573.253522-741.552114]\'',113,'\'(21.845585-inf)\'',7,5,3,2,2,'INGENIERIA EN COMPUTACION E INFORMATICA',6.6,A
0,0,0,0,0,1,1,1,0,0,1,1,80,'\'(741.552114-inf)\'',98,'\'(21.845585-inf)\'',9,6,4,2,3,'INGENIERIA INDUSTRIAL',6.4,A
1,0,0,1,1,1,1,1,0,1,1,1,64,'\'(459.963403-573.253522]\'',73,'\'(15.967208-18.512556]\'',3,2,1,1,1,'INGENIERIA EN COMPUTACION E INFORMATICA',5.3,A
1,0,0,1,0,0,1,0,0,1,1,0,83,'\'(459.963403-573.253522]\'',30,'\'(15.967208-18.512556]\'',8,5,4,3,2,'INGENIERIA CIVIL INFORMATICA',5.9,A
0,1,0,1,1,0,1,1,0,1,1,1,73,'\'(459.963403-573.253522]\'',81,'\'(15.967208-18.512556]\'',6,4,3,1,2,'INGENIERIA CIVIL INDUSTRIAL',4.4,A
0,0,1,1,0,1,1,1,1,1,1,1,76,'\'(366.642527-459.963403]\'',53,'\'(13.465412-15.967208]\'',6,5,2,2,2,'INGENIERIA CIVIL INDUSTRIAL',6.2,A
0,1,1,0,1,0,1,1,1,1,1,1,65,'\'(459.963403-573.253522]\'',110,'\'(18.512556-21.845585]\'',5,3,2,1,2,'INGENIERIA INDUSTRIAL',6.8,A
0,1,0,0,0,0,1,1,0,0,0,0,145,'\'(-inf-366.642527]\'',135,'\'(21.845585-inf)\'',6,2,3,3,1,'INGENIERIA EN COMPUTACION E INFORMATICA',6.4,A
1,1,1,1,1,1,1,1,1,1,1,1,61,'\'(-inf-366.642527]\'',60,'\'(-inf-13.465412]\'',6,4,3,1,1,'INGENIERIA CIVIL INDUSTRIAL',5.8,A
1,1,1,1,1,1,1,1,1,1,1,1,61,'\'(-inf-366.642527]\'',45,'\'(-inf-13.465412]\'',8,5,3,3,3,'INGENIERIA EN COMPUTACION E INFORMATICA',6.6,A
1,1,0,0,0,0,1,1,0,0,1,0,89,'\'(573.253522-741.552114]\'',68,'\'(18.512556-21.845585]\'',8,6,3,4,3,'INGENIERIA CIVIL INDUSTRIAL',5.7,A
1,1,0,0,0,0,1,1,0,0,1,0,121,'\'(459.963403-573.253522]\'',148,'\'(21.845585-inf)\'',5,4,2,1,0,'INGENIERIA CIVIL INDUSTRIAL',6.9,A
1,1,1,0,1,1,1,1,1,1,1,1,63,'\'(459.963403-573.253522]\'',49,'\'(13.465412-15.967208]\'',6,4,2,2,3,'INGENIERIA EN COMPUTACION E INFORMATICA',6.4,A
1,0,0,0,1,0,1,1,0,1,1,1,70,'\'(573.253522-741.552114]\'',36,'\'(15.967208-18.512556]\'',9,6,4,3,2,'INGENIERIA CIVIL INDUSTRIAL',7,A
0,1,1,0,1,1,1,1,1,1,1,1,66,'\'(-inf-366.642527]\'',43,'\'(-inf-13.465412]\'',7,3,3,2,2,'INGENIERIA CIVIL INDUSTRIAL',3.8,A
1,1,0,1,0,0,1,1,0,1,1,0,78,'\'(741.552114-inf)\'',122,'\'(21.845585-inf)\'',6,4,2,2,3,'INGENIERIA CIVIL INDUSTRIAL',5.4,A
0,1,1,1,1,0,1,1,1,1,1,1,65,'\'(459.963403-573.253522]\'',67,'\'(13.465412-15.967208]\'',7,5,3,2,2,'INGENIERIA EN COMPUTACION E INFORMATICA',5.7,A
0,1,0,1,0,1,1,1,0,1,1,1,86,'\'(741.552114-inf)\'',51,'\'(18.512556-21.845585]\'',9,5,5,2,3,'INGENIERIA CIVIL INFORMATICA',6.5,A
1,0,1,0,0,0,1,1,1,1,1,0,85,'\'(741.552114-inf)\'',161,'\'(21.845585-inf)\'',5,3,4,0,1,'INGENIERIA INDUSTRIAL',3.2,A
0,0,1,0,1,1,1,1,1,1,1,1,65,'\'(459.963403-573.253522]\'',45,'\'(13.465412-15.967208]\'',10,7,4,3,3,'INGENIERIA EN COMPUTACION E INFORMATICA',6.6,A
1,1,0,1,0,0,1,1,0,1,0,1,75,'\'(-inf-366.642527]\'',84,'\'(13.465412-15.967208]\'',5,3,2,1,2,'INGENIERIA EN COMPUTACION E INFORMATICA',4.6,A
1,0,0,1,0,0,1,1,0,1,0,1,89,'\'(741.552114-inf)\'',170,'\'(21.845585-inf)\'',6,4,2,1,3,'INGENIERIA INDUSTRIAL',6.3,A
0,0,1,0,0,1,1,1,1,0,1,1,76,'\'(573.253522-741.552114]\'',91,'\'(18.512556-21.845585]\'',5,5,1,2,1,'INGENIERIA CIVIL INDUSTRIAL',5,A
0,1,1,0,0,1,1,1,1,0,1,1,73,'\'(366.642527-459.963403]\'',86,'\'(15.967208-18.512556]\'',6,2,4,1,2,'INGENIERIA CIVIL INDUSTRIAL',6,A
1,1,0,1,0,1,1,1,0,1,1,1,68,'\'(459.963403-573.253522]\'',49,'\'(13.465412-15.967208]\'',5,3,2,2,2,'INGENIERIA CIVIL INDUSTRIAL',5.6,A
1,1,0,0,0,0,1,1,0,0,1,0,77,'\'(573.253522-741.552114]\'',93,'\'(18.512556-21.845585]\'',8,5,3,3,3,'INGENIERIA CIVIL INFORMATICA',6.6,A
0,1,0,1,1,1,1,1,0,1,1,1,64,'\'(366.642527-459.963403]\'',29,'\'(-inf-13.465412]\'',9,7,3,4,3,'INGENIERIA EN COMPUTACION E INFORMATICA',7,A
1,1,0,1,0,1,1,1,0,1,0,1,83,'\'(573.253522-741.552114]\'',98,'\'(21.845585-inf)\'',4,3,1,2,1,'INGENIERIA EN COMPUTACION E INFORMATICA',6.1,A
1,1,0,0,0,0,1,1,0,0,0,0,120,'\'(366.642527-459.963403]\'',143,'\'(21.845585-inf)\'',5,2,3,1,2,'INGENIERIA CIVIL INDUSTRIAL',5.6,A
0,1,1,0,0,1,1,1,1,1,1,1,72,'\'(459.963403-573.253522]\'',54,'\'(15.967208-18.512556]\'',11,8,4,3,4,'INGENIERIA CIVIL INDUSTRIAL',5,A
1,0,1,0,1,0,1,1,1,1,1,1,73,'\'(366.642527-459.963403]\'',37,'\'(13.465412-15.967208]\'',5,2,2,1,2,'INGENIERIA CIVIL INFORMATICA',7,A
0,0,0,0,0,0,0,0,0,0,0,0,191,'\'(-inf-366.642527]\'',136,'\'(21.845585-inf)\'',9,6,3,2,3,'INGENIERIA CIVIL INDUSTRIAL',5.6,A
0,1,1,0,1,1,1,1,1,1,1,1,67,'\'(-inf-366.642527]\'',38,'\'(-inf-13.465412]\'',6,2,4,2,1,'INGENIERIA CIVIL INDUSTRIAL',6.6,A
0,1,0,0,1,1,1,1,0,1,1,1,77,'\'(-inf-366.642527]\'',45,'\'(13.465412-15.967208]\'',8,5,3,3,2,'INGENIERIA EN COMPUTACION E INFORMATICA',6.8,A
0,1,0,1,0,0,1,1,0,1,1,1,87,'\'(573.253522-741.552114]\'',64,'\'(18.512556-21.845585]\'',6,4,2,3,2,'INGENIERIA CIVIL INDUSTRIAL',4.8,A
0,0,0,0,0,0,1,1,0,0,1,0,122,'\'(741.552114-inf)\'',160,'\'(21.845585-inf)\'',7,5,2,3,2,'INGENIERIA CIVIL INDUSTRIAL',4.4,A
0,1,0,0,1,0,1,1,0,1,1,1,71,'\'(-inf-366.642527]\'',25,'\'(-inf-13.465412]\'',10,6,5,3,3,'INGENIERIA CIVIL INFORMATICA',6.4,A
0,1,0,0,0,1,1,1,0,0,1,1,86,'\'(366.642527-459.963403]\'',69,'\'(15.967208-18.512556]\'',5,3,2,1,2,'INGENIERIA CIVIL INFORMATICA',6.2,A
1,0,1,1,1,0,1,1,1,1,1,1,65,'\'(-inf-366.642527]\'',36,'\'(-inf-13.465412]\'',10,6,5,3,3,'INGENIERIA CIVIL INFORMATICA',5.7,A
0,0,1,1,0,0,1,1,1,1,1,0,83,'\'(459.963403-573.253522]\'',31,'\'(15.967208-18.512556]\'',8,6,4,1,2,'INGENIERIA EN COMPUTACION E INFORMATICA',6.3,A
1,1,1,1,1,0,1,1,1,1,1,0,66,'\'(-inf-366.642527]\'',43,'\'(-inf-13.465412]\'',8,4,5,3,2,'INGENIERIA CIVIL INFORMATICA',7,A
0,1,0,1,0,0,1,1,0,1,1,1,90,'\'(459.963403-573.253522]\'',41,'\'(15.967208-18.512556]\'',8,5,4,2,3,'INGENIERIA CIVIL INFORMATICA',5.3,A
0,0,1,0,0,1,1,1,1,0,1,1,75,'\'(-inf-366.642527]\'',54,'\'(13.465412-15.967208]\'',8,4,4,2,2,'INGENIERIA CIVIL INFORMATICA',6.2,A
1,1,0,1,1,0,1,1,0,1,1,1,75,'\'(741.552114-inf)\'',56,'\'(18.512556-21.845585]\'',8,5,4,2,3,'INGENIERIA INDUSTRIAL',6.2,A
1,1,1,0,1,1,1,1,1,1,1,1,63,'\'(366.642527-459.963403]\'',45,'\'(13.465412-15.967208]\'',10,6,4,3,3,'INGENIERIA EN COMPUTACION E INFORMATICA',4.6,A
0,1,1,1,0,1,1,1,1,1,1,1,69,'\'(366.642527-459.963403]\'',33,'\'(-inf-13.465412]\'',8,5,4,2,3,'INGENIERIA EN COMPUTACION E INFORMATICA',6.1,A
1,1,0,0,1,0,1,1,0,0,1,0,75,'\'(573.253522-741.552114]\'',114,'\'(18.512556-21.845585]\'',5,3,4,0,1,'INGENIERIA EN COMPUTACION E INFORMATICA',6.8,A
1,0,0,0,1,1,1,1,0,1,1,1,67,'\'(741.552114-inf)\'',193,'\'(21.845585-inf)\'',3,0,2,1,1,'INGENIERIA CIVIL INDUSTRIAL',6.2,A
0,1,1,1,1,0,1,1,1,1,1,1,64,'\'(573.253522-741.552114]\'',31,'\'(13.465412-15.967208]\'',2,1,2,0,0,'INGENIERIA CIVIL INDUSTRIAL',6.2,A
0,1,0,0,0,0,1,1,0,1,1,1,98,'\'(741.552114-inf)\'',127,'\'(21.845585-inf)\'',4,3,2,0,1,'INGENIERIA CIVIL INDUSTRIAL',7,A
1,1,1,1,1,0,1,1,1,1,1,1,65,'\'(366.642527-459.963403]\'',132,'\'(18.512556-21.845585]\'',8,6,3,3,3,'INGENIERIA CIVIL INFORMATICA',6.6,A
0,0,0,0,0,0,1,1,0,1,0,0,104,'\'(741.552114-inf)\'',147,'\'(21.845585-inf)\'',6,3,4,1,2,'INGENIERIA CIVIL INDUSTRIAL',7,A
0,1,0,1,1,0,1,1,0,1,1,1,71,'\'(573.253522-741.552114]\'',45,'\'(15.967208-18.512556]\'',11,8,4,4,3,'INGENIERIA CIVIL INDUSTRIAL',6.7,A
1,1,0,1,1,0,1,1,0,1,1,1,65,'\'(366.642527-459.963403]\'',36,'\'(-inf-13.465412]\'',5,3,2,2,2,'INGENIERIA EN COMPUTACION E INFORMATICA',7,A
1,1,0,0,0,0,1,1,0,0,1,1,75,'\'(-inf-366.642527]\'',53,'\'(13.465412-15.967208]\'',9,5,5,3,3,'INGENIERIA CIVIL INFORMATICA',6.2,A
0,1,0,1,1,1,1,1,0,1,1,1,66,'\'(459.963403-573.253522]\'',26,'\'(-inf-13.465412]\'',4,3,0,3,3,'INGENIERIA CIVIL INFORMATICA',6,A
0,0,1,0,1,0,1,1,1,0,1,0,81,'\'(366.642527-459.963403]\'',101,'\'(18.512556-21.845585]\'',8,6,2,3,3,'INGENIERIA CIVIL INFORMATICA',6.8,A
1,1,0,0,1,1,1,1,0,0,1,1,68,'\'(573.253522-741.552114]\'',71,'\'(15.967208-18.512556]\'',6,4,2,2,1,'INGENIERIA EN COMPUTACION E INFORMATICA',7,A
1,1,1,1,1,0,1,1,1,1,1,1,65,'\'(459.963403-573.253522]\'',32,'\'(-inf-13.465412]\'',7,5,2,2,2,'INGENIERIA CIVIL INDUSTRIAL',6.3,A
1,0,0,0,0,0,1,1,0,1,1,0,101,'\'(573.253522-741.552114]\'',48,'\'(18.512556-21.845585]\'',7,6,1,2,3,'INGENIERIA CIVIL INDUSTRIAL',6.8,A
1,1,0,0,0,1,1,1,0,0,1,1,80,'\'(-inf-366.642527]\'',49,'\'(13.465412-15.967208]\'',6,4,2,2,2,'INGENIERIA CIVIL INDUSTRIAL',7,A
0,1,0,1,1,0,1,1,0,1,1,1,74,'\'(459.963403-573.253522]\'',81,'\'(15.967208-18.512556]\'',6,3,4,2,1,'INGENIERIA CIVIL INDUSTRIAL',6.8,A
0,0,0,1,0,0,1,0,0,1,1,1,95,'\'(459.963403-573.253522]\'',78,'\'(18.512556-21.845585]\'',6,3,4,1,2,'INGENIERIA CIVIL INDUSTRIAL',7,A
1,1,0,1,0,1,1,1,0,1,1,1,66,'\'(366.642527-459.963403]\'',39,'\'(13.465412-15.967208]\'',10,6,5,3,3,'INGENIERIA CIVIL INDUSTRIAL',7,A
1,1,0,0,1,1,1,1,0,0,1,1,70,'\'(-inf-366.642527]\'',37,'\'(-inf-13.465412]\'',9,6,4,4,3,'INGENIERIA CIVIL INFORMATICA',4.2,A
1,1,1,1,1,0,1,1,1,1,1,1,63,'\'(459.963403-573.253522]\'',33,'\'(13.465412-15.967208]\'',8,5,3,3,3,'INGENIERIA CIVIL INFORMATICA',6.1,A
0,0,1,0,1,1,1,1,1,1,1,1,75,'\'(-inf-366.642527]\'',62,'\'(13.465412-15.967208]\'',9,7,3,4,3,'INGENIERIA CIVIL INDUSTRIAL',6.6,A
1,0,1,0,1,1,1,1,1,1,1,1,67,'\'(459.963403-573.253522]\'',40,'\'(13.465412-15.967208]\'',9,6,3,4,3,'INGENIERIA CIVIL INFORMATICA',6.4,A
1,0,0,1,0,0,1,1,0,1,1,1,72,'\'(573.253522-741.552114]\'',29,'\'(13.465412-15.967208]\'',7,4,3,3,3,'INGENIERIA CIVIL INFORMATICA',6.2,A
1,0,0,0,1,0,1,0,0,1,1,0,76,'\'(366.642527-459.963403]\'',32,'\'(13.465412-15.967208]\'',10,6,5,2,3,'INGENIERIA CIVIL INDUSTRIAL',4.8,A
1,1,0,0,0,1,1,1,0,0,1,1,95,'\'(741.552114-inf)\'',95,'\'(21.845585-inf)\'',4,3,2,0,1,'INGENIERIA CIVIL INDUSTRIAL',6.6,A
0,0,0,1,0,0,1,1,0,1,1,1,83,'\'(741.552114-inf)\'',98,'\'(21.845585-inf)\'',10,6,5,3,1,'INGENIERIA CIVIL INFORMATICA',6.2,A
1,1,1,1,0,0,1,1,1,1,1,1,68,'\'(366.642527-459.963403]\'',89,'\'(15.967208-18.512556]\'',8,4,3,3,3,'INGENIERIA CIVIL INFORMATICA',5.8,A
1,1,1,0,0,0,1,1,1,0,1,1,77,'\'(573.253522-741.552114]\'',79,'\'(18.512556-21.845585]\'',8,5,4,2,3,'INGENIERIA CIVIL INDUSTRIAL',7,A
0,1,0,1,1,0,1,1,0,1,1,1,71,'\'(-inf-366.642527]\'',76,'\'(13.465412-15.967208]\'',5,3,2,2,1,'INGENIERIA CIVIL INFORMATICA',6.3,A
0,0,1,0,0,0,1,1,1,0,0,0,93,'\'(459.963403-573.253522]\'',43,'\'(18.512556-21.845585]\'',3,2,0,2,2,'INGENIERIA EN COMPUTACION E INFORMATICA',5.9,A
0,1,0,0,0,1,1,1,0,1,0,1,104,'\'(741.552114-inf)\'',48,'\'(21.845585-inf)\'',6,4,3,1,1,'INGENIERIA CIVIL INDUSTRIAL',6.8,A
0,0,0,0,0,0,1,1,0,1,1,1,72,'\'(366.642527-459.963403]\'',38,'\'(13.465412-15.967208]\'',10,6,4,4,3,'INGENIERIA CIVIL INFORMATICA',6.8,A
1,0,1,0,0,1,1,1,1,1,1,1,73,'\'(366.642527-459.963403]\'',66,'\'(13.465412-15.967208]\'',9,5,5,2,2,'INGENIERIA INDUSTRIAL',6.4,A
1,1,1,1,0,1,1,1,1,1,1,1,63,'\'(459.963403-573.253522]\'',23,'\'(-inf-13.465412]\'',8,5,5,1,1,'INGENIERIA EN COMPUTACION E INFORMATICA',6.6,A
1,1,1,0,1,0,1,1,1,1,1,0,75,'\'(741.552114-inf)\'',27,'\'(15.967208-18.512556]\'',8,6,4,2,2,'INGENIERIA EN COMPUTACION E INFORMATICA',6.1,A
1,1,1,1,1,1,1,1,1,1,1,1,61,'\'(-inf-366.642527]\'',28,'\'(-inf-13.465412]\'',8,5,3,3,3,'INGENIERIA EN COMPUTACION E INFORMATICA',6.5,A
1,1,0,0,0,0,1,1,0,0,1,1,85,'\'(-inf-366.642527]\'',29,'\'(13.465412-15.967208]\'',4,2,1,1,2,'INGENIERIA EN COMPUTACION E INFORMATICA',7,A
0,0,0,0,0,0,0,1,0,0,0,0,118,'\'(741.552114-inf)\'',66,'\'(21.845585-inf)\'',8,6,2,4,3,'INGENIERIA CIVIL INDUSTRIAL',6.5,A
0,1,0,0,0,0,1,1,0,0,0,0,123,'\'(366.642527-459.963403]\'',105,'\'(21.845585-inf)\'',5,1,3,1,2,'INGENIERIA EN COMPUTACION E INFORMATICA',6.9,A
1,1,0,0,1,1,1,1,0,1,1,1,65,'\'(741.552114-inf)\'',110,'\'(18.512556-21.845585]\'',3,1,2,1,1,'INGENIERIA CIVIL INDUSTRIAL',7,A
1,1,1,1,1,1,1,1,1,1,1,1,61,'\'(366.642527-459.963403]\'',38,'\'(-inf-13.465412]\'',7,4,3,2,2,'INGENIERIA EN COMPUTACION E INFORMATICA',6.8,A
1,1,0,1,0,0,1,1,0,1,1,1,72,'\'(573.253522-741.552114]\'',18,'\'(13.465412-15.967208]\'',7,4,3,3,3,'INGENIERIA CIVIL INDUSTRIAL',6.6,A
1,1,0,0,1,1,1,1,0,0,1,1,79,'\'(573.253522-741.552114]\'',43,'\'(15.967208-18.512556]\'',5,2,3,2,2,'INGENIERIA CIVIL INFORMATICA',6.4,A
1,1,1,0,0,0,1,1,1,1,1,1,71,'\'(-inf-366.642527]\'',34,'\'(-inf-13.465412]\'',7,3,4,2,2,'INGENIERIA CIVIL INFORMATICA',6.5,A
0,0,0,0,0,0,1,1,0,1,1,0,90,'\'(366.642527-459.963403]\'',45,'\'(15.967208-18.512556]\'',10,7,4,3,3,'INGENIERIA EN COMPUTACION E INFORMATICA',6.6,A
1,0,0,0,0,1,1,1,0,0,1,1,92,'\'(459.963403-573.253522]\'',54,'\'(18.512556-21.845585]\'',7,3,4,2,3,'INGENIERIA EN COMPUTACION E INFORMATICA',6.2,A
0,0,0,0,0,0,1,0,0,1,0,0,154,'\'(573.253522-741.552114]\'',88,'\'(21.845585-inf)\'',4,2,2,1,1,'INGENIERIA EN COMPUTACION E INFORMATICA',5.8,A
1,1,0,1,1,1,1,1,0,1,1,1,66,'\'(366.642527-459.963403]\'',24,'\'(-inf-13.465412]\'',9,5,5,1,2,'INGENIERIA CIVIL INDUSTRIAL',7,A
1,1,1,1,0,0,1,1,1,1,1,1,69,'\'(573.253522-741.552114]\'',120,'\'(18.512556-21.845585]\'',6,2,4,1,2,'INGENIERIA CIVIL INDUSTRIAL',6.8,A
1,1,0,0,0,1,1,1,0,0,0,1,78,'\'(573.253522-741.552114]\'',77,'\'(18.512556-21.845585]\'',7,5,4,2,0,'INGENIERIA CIVIL INFORMATICA',6.4,A
1,1,1,1,1,1,1,1,1,1,1,1,61,'\'(-inf-366.642527]\'',60,'\'(-inf-13.465412]\'',6,3,3,2,1,'INGENIERIA EN COMPUTACION E INFORMATICA',6.9,A
0,0,1,0,0,1,1,1,1,1,1,1,82,'\'(741.552114-inf)\'',131,'\'(21.845585-inf)\'',7,4,4,1,2,'INGENIERIA CIVIL INFORMATICA',5,A
1,1,1,0,0,0,1,1,1,0,1,1,76,'\'(573.253522-741.552114]\'',82,'\'(18.512556-21.845585]\'',9,7,2,3,4,'INGENIERIA CIVIL INFORMATICA',4.6,A
1,1,1,0,1,0,1,1,1,1,1,1,66,'\'(573.253522-741.552114]\'',130,'\'(18.512556-21.845585]\'',8,6,3,3,3,'INGENIERIA EN COMPUTACION E INFORMATICA',7,A
1,1,1,1,1,1,1,1,1,1,1,1,61,'\'(366.642527-459.963403]\'',52,'\'(-inf-13.465412]\'',7,3,4,2,3,'INGENIERIA EN COMPUTACION E INFORMATICA',7,A
0,1,1,1,1,1,1,1,1,1,1,1,63,'\'(366.642527-459.963403]\'',43,'\'(-inf-13.465412]\'',7,4,3,2,2,'INGENIERIA CIVIL INDUSTRIAL',6.6,A
1,0,0,0,0,1,1,1,0,0,1,1,109,'\'(459.963403-573.253522]\'',46,'\'(18.512556-21.845585]\'',6,5,2,3,3,'INGENIERIA CIVIL INFORMATICA',6.8,A
0,1,0,0,0,1,1,1,0,0,1,1,81,'\'(573.253522-741.552114]\'',108,'\'(18.512556-21.845585]\'',6,5,2,2,2,'INGENIERIA EN COMPUTACION E INFORMATICA',6.8,A
0,0,0,0,0,1,1,1,0,1,1,1,79,'\'(459.963403-573.253522]\'',58,'\'(15.967208-18.512556]\'',11,7,5,4,3,'INGENIERIA CIVIL INDUSTRIAL',5.8,A
0,1,1,0,0,1,1,1,1,0,0,1,82,'\'(573.253522-741.552114]\'',34,'\'(15.967208-18.512556]\'',7,4,3,2,2,'INGENIERIA CIVIL INDUSTRIAL',7,A
1,1,1,1,1,1,1,1,1,1,1,1,61,'\'(366.642527-459.963403]\'',56,'\'(-inf-13.465412]\'',11,7,5,4,3,'INGENIERIA CIVIL INDUSTRIAL',6.6,A
1,0,0,0,0,0,1,1,0,1,1,1,72,'\'(573.253522-741.552114]\'',43,'\'(15.967208-18.512556]\'',9,5,4,2,2,'INGENIERIA CIVIL INDUSTRIAL',5.8,A
1,0,1,1,1,1,1,1,1,1,1,1,66,'\'(-inf-366.642527]\'',46,'\'(-inf-13.465412]\'',7,4,4,1,2,'INGENIERIA CIVIL INFORMATICA',6.6,A
1,1,0,0,0,1,1,1,0,0,1,1,73,'\'(573.253522-741.552114]\'',57,'\'(15.967208-18.512556]\'',6,3,4,2,1,'INGENIERIA EN COMPUTACION E INFORMATICA',6.3,A
1,1,0,1,1,0,1,1,0,1,1,1,67,'\'(-inf-366.642527]\'',43,'\'(-inf-13.465412]\'',7,4,4,2,3,'INGENIERIA CIVIL INDUSTRIAL',7,A
0,0,0,1,0,1,1,0,0,1,1,1,119,'\'(741.552114-inf)\'',322,'\'(21.845585-inf)\'',6,3,4,1,2,'INGENIERIA CIVIL INDUSTRIAL',6.7,A
1,1,1,1,1,0,1,1,1,1,1,0,67,'\'(-inf-366.642527]\'',26,'\'(-inf-13.465412]\'',8,5,3,4,4,'INGENIERIA CIVIL INFORMATICA',6.4,A
1,1,1,1,0,0,1,1,1,1,1,0,67,'\'(459.963403-573.253522]\'',27,'\'(13.465412-15.967208]\'',8,4,5,2,2,'INGENIERIA CIVIL INDUSTRIAL',6.2,A
1,1,0,0,0,0,1,1,0,1,1,1,79,'\'(366.642527-459.963403]\'',78,'\'(15.967208-18.512556]\'',6,4,2,3,2,'INGENIERIA EN COMPUTACION E INFORMATICA',6.7,A
1,1,1,1,1,1,1,1,1,1,1,1,61,'\'(459.963403-573.253522]\'',135,'\'(18.512556-21.845585]\'',8,5,2,3,3,'INGENIERIA CIVIL INFORMATICA',7,A
0,1,1,1,1,1,1,1,1,1,1,1,62,'\'(573.253522-741.552114]\'',47,'\'(13.465412-15.967208]\'',2,1,1,1,1,'INGENIERIA CIVIL INDUSTRIAL',6.8,A
1,0,1,0,0,1,1,1,1,1,1,1,71,'\'(741.552114-inf)\'',173,'\'(21.845585-inf)\'',4,3,2,1,1,'INGENIERIA EN COMPUTACION E INFORMATICA',6.8,A
0,0,0,1,0,0,1,0,0,1,1,0,95,'\'(741.552114-inf)\'',44,'\'(21.845585-inf)\'',10,6,5,3,2,'INGENIERIA INDUSTRIAL',6.3,A
1,1,1,1,1,0,1,1,1,1,1,1,65,'\'(741.552114-inf)\'',29,'\'(15.967208-18.512556]\'',10,6,5,3,3,'INGENIERIA INDUSTRIAL',6.6,A
0,0,1,1,1,0,1,1,1,1,1,0,71,'\'(573.253522-741.552114]\'',68,'\'(18.512556-21.845585]\'',8,5,5,1,1,'INGENIERIA EN COMPUTACION E INFORMATICA',7,A
0,0,0,0,0,0,1,1,0,0,0,1,92,'\'(573.253522-741.552114]\'',59,'\'(18.512556-21.845585]\'',8,4,5,2,3,'INGENIERIA EN COMPUTACION E INFORMATICA',5.6,A
0,1,0,1,0,1,1,1,0,1,0,1,82,'\'(366.642527-459.963403]\'',99,'\'(18.512556-21.845585]\'',10,6,5,3,3,'INGENIERIA EN COMPUTACION E INFORMATICA',5.5,A
1,1,1,1,1,1,1,1,1,1,1,1,61,'\'(459.963403-573.253522]\'',54,'\'(13.465412-15.967208]\'',7,3,5,1,1,'INGENIERIA CIVIL INDUSTRIAL',5.5,A
1,1,1,1,0,0,1,1,1,1,1,1,69,'\'(459.963403-573.253522]\'',11,'\'(-inf-13.465412]\'',11,7,5,4,3,'INGENIERIA CIVIL INFORMATICA',6.2,A
1,0,0,0,0,0,1,1,0,0,1,0,97,'\'(-inf-366.642527]\'',22,'\'(15.967208-18.512556]\'',7,4,4,1,2,'INGENIERIA CIVIL INDUSTRIAL',7,A
0,1,0,0,0,1,1,1,0,0,1,1,86,'\'(741.552114-inf)\'',77,'\'(21.845585-inf)\'',2,1,1,0,1,'INGENIERIA CIVIL INFORMATICA',6.8,A
0,1,0,0,0,0,1,1,0,0,1,1,91,'\'(459.963403-573.253522]\'',66,'\'(18.512556-21.845585]\'',5,4,1,2,2,'INGENIERIA EN COMPUTACION E INFORMATICA',6.3,A
0,0,0,0,1,1,1,1,0,1,1,1,69,'\'(459.963403-573.253522]\'',81,'\'(15.967208-18.512556]\'',8,4,5,2,2,'INGENIERIA CIVIL INDUSTRIAL',6.4,A
1,1,0,0,1,0,1,1,0,1,1,1,72,'\'(459.963403-573.253522]\'',71,'\'(15.967208-18.512556]\'',4,3,2,1,1,'INGENIERIA CIVIL INFORMATICA',5.1,A
1,0,0,0,1,0,1,1,0,0,1,0,89,'\'(459.963403-573.253522]\'',87,'\'(18.512556-21.845585]\'',10,7,4,4,3,'INGENIERIA INDUSTRIAL',6.2,A
0,1,1,1,1,1,1,1,1,1,1,1,63,'\'(459.963403-573.253522]\'',37,'\'(-inf-13.465412]\'',9,5,5,2,3,'INGENIERIA CIVIL INDUSTRIAL',7,A
1,0,0,1,0,0,1,1,0,1,1,1,75,'\'(-inf-366.642527]\'',98,'\'(15.967208-18.512556]\'',8,5,5,2,2,'INGENIERIA EN COMPUTACION E INFORMATICA',6.4,A
1,1,1,1,1,1,1,1,1,1,1,1,61,'\'(-inf-366.642527]\'',19,'\'(-inf-13.465412]\'',8,4,4,3,3,'INGENIERIA CIVIL INFORMATICA',5.8,A
0,0,0,1,0,0,1,0,0,1,0,0,111,'\'(741.552114-inf)\'',283,'\'(21.845585-inf)\'',5,4,2,1,2,'INGENIERIA EN COMPUTACION E INFORMATICA',5.5,A
1,0,0,0,0,1,1,1,0,0,1,1,94,'\'(741.552114-inf)\'',64,'\'(21.845585-inf)\'',10,7,4,4,3,'INGENIERIA CIVIL INDUSTRIAL',6.6,A
0,1,0,0,0,1,1,1,0,1,1,1,70,'\'(741.552114-inf)\'',60,'\'(18.512556-21.845585]\'',7,5,3,2,3,'INGENIERIA INDUSTRIAL',5.7,A
0,0,1,1,0,1,1,1,1,1,1,1,69,'\'(459.963403-573.253522]\'',58,'\'(15.967208-18.512556]\'',7,5,3,2,2,'INGENIERIA CIVIL INDUSTRIAL',6.6,A
1,1,0,1,0,0,1,1,0,1,1,1,76,'\'(573.253522-741.552114]\'',128,'\'(21.845585-inf)\'',7,4,5,1,1,'INGENIERIA EN COMPUTACION E INFORMATICA',5,A
1,1,0,0,0,0,1,1,0,1,1,1,73,'\'(459.963403-573.253522]\'',28,'\'(13.465412-15.967208]\'',5,4,1,2,2,'INGENIERIA CIVIL INDUSTRIAL',6.6,A
1,0,1,1,1,0,1,1,1,1,1,1,67,'\'(366.642527-459.963403]\'',34,'\'(-inf-13.465412]\'',7,5,3,3,3,'INGENIERIA EN COMPUTACION E INFORMATICA',6.5,A
0,0,0,1,1,0,1,1,0,1,1,1,72,'\'(459.963403-573.253522]\'',46,'\'(13.465412-15.967208]\'',8,5,5,0,1,'INGENIERIA CIVIL INDUSTRIAL',6.6,A
0,0,1,0,1,0,1,1,1,1,1,0,74,'\'(573.253522-741.552114]\'',134,'\'(21.845585-inf)\'',5,3,2,1,2,'INGENIERIA CIVIL INDUSTRIAL',5.8,A
1,1,1,0,1,1,1,1,1,1,1,1,63,'\'(459.963403-573.253522]\'',53,'\'(13.465412-15.967208]\'',8,4,5,2,1,'INGENIERIA CIVIL INFORMATICA',6.7,A
1,1,1,1,0,1,1,1,1,1,1,1,65,'\'(459.963403-573.253522]\'',26,'\'(-inf-13.465412]\'',5,2,2,2,3,'INGENIERIA CIVIL INFORMATICA',6.6,A
1,0,0,0,0,0,1,1,0,0,0,0,107,'\'(366.642527-459.963403]\'',146,'\'(21.845585-inf)\'',9,6,4,3,3,'INGENIERIA CIVIL INDUSTRIAL',6.3,A
1,1,0,0,0,1,1,1,0,1,1,1,70,'\'(741.552114-inf)\'',80,'\'(18.512556-21.845585]\'',10,7,4,4,3,'INGENIERIA CIVIL INFORMATICA',6.4,A
0,1,1,0,1,0,1,1,1,1,1,1,69,'\'(-inf-366.642527]\'',33,'\'(-inf-13.465412]\'',8,6,2,4,3,'INGENIERIA CIVIL INFORMATICA',7,A
0,1,1,0,0,0,1,1,1,1,1,0,75,'\'(459.963403-573.253522]\'',37,'\'(13.465412-15.967208]\'',10,6,4,3,4,'INGENIERIA CIVIL INDUSTRIAL',7,A
0,1,1,0,1,1,1,1,1,1,1,1,65,'\'(459.963403-573.253522]\'',22,'\'(-inf-13.465412]\'',8,5,3,2,3,'INGENIERIA CIVIL INDUSTRIAL',5.2,A
1,1,0,0,0,1,1,1,0,0,1,1,83,'\'(366.642527-459.963403]\'',98,'\'(18.512556-21.845585]\'',8,5,4,1,1,'INGENIERIA CIVIL INFORMATICA',6.8,A
0,1,0,1,1,1,1,1,0,1,1,1,71,'\'(459.963403-573.253522]\'',33,'\'(13.465412-15.967208]\'',8,5,4,2,3,'INGENIERIA INDUSTRIAL',6.4,A
1,1,0,0,1,1,1,1,0,0,1,1,74,'\'(366.642527-459.963403]\'',94,'\'(15.967208-18.512556]\'',8,5,5,2,0,'INGENIERIA EN COMPUTACION E INFORMATICA',5.4,A
0,0,0,1,0,1,1,1,0,1,0,1,86,'\'(366.642527-459.963403]\'',46,'\'(15.967208-18.512556]\'',8,4,4,2,3,'INGENIERIA CIVIL INDUSTRIAL',7,A
1,1,0,0,0,0,1,1,0,1,1,1,66,'\'(741.552114-inf)\'',59,'\'(18.512556-21.845585]\'',6,4,2,2,2,'INGENIERIA CIVIL INFORMATICA',7,A
1,1,0,0,0,0,1,1,0,0,1,0,106,'\'(573.253522-741.552114]\'',128,'\'(21.845585-inf)\'',4,2,2,1,2,'INGENIERIA CIVIL INDUSTRIAL',6.3,A
1,1,0,0,0,0,1,1,0,0,1,1,81,'\'(366.642527-459.963403]\'',36,'\'(13.465412-15.967208]\'',8,5,3,3,3,'INGENIERIA CIVIL INDUSTRIAL',4.8,A
1,0,1,0,1,0,1,1,1,1,1,1,73,'\'(459.963403-573.253522]\'',137,'\'(18.512556-21.845585]\'',9,5,5,2,3,'INGENIERIA CIVIL INFORMATICA',6.2,A
0,0,0,0,0,0,1,1,0,0,1,0,102,'\'(459.963403-573.253522]\'',124,'\'(21.845585-inf)\'',8,4,5,1,2,'INGENIERIA CIVIL INFORMATICA',7,A
1,1,0,1,0,1,1,1,0,1,1,1,66,'\'(459.963403-573.253522]\'',49,'\'(13.465412-15.967208]\'',7,5,3,2,3,'INGENIERIA CIVIL INDUSTRIAL',5.8,A
0,1,0,0,0,0,1,1,0,1,1,1,85,'\'(741.552114-inf)\'',68,'\'(21.845585-inf)\'',5,3,2,1,2,'INGENIERIA CIVIL INDUSTRIAL',6.6,A
1,1,1,1,1,1,1,1,1,1,1,1,61,'\'(-inf-366.642527]\'',56,'\'(-inf-13.465412]\'',8,4,5,1,2,'INGENIERIA CIVIL INDUSTRIAL',7,A
1,1,0,1,0,1,1,1,0,1,1,1,66,'\'(-inf-366.642527]\'',41,'\'(-inf-13.465412]\'',7,4,3,2,3,'INGENIERIA CIVIL INDUSTRIAL',6.6,A
0,0,0,1,0,0,1,1,0,1,0,1,91,'\'(366.642527-459.963403]\'',72,'\'(18.512556-21.845585]\'',9,6,4,3,2,'INGENIERIA INDUSTRIAL',6.6,A
1,1,0,1,0,0,1,1,0,1,1,0,72,'\'(366.642527-459.963403]\'',50,'\'(13.465412-15.967208]\'',5,4,3,0,1,'INGENIERIA CIVIL INDUSTRIAL',6.6,A
1,1,1,0,0,1,1,1,1,1,1,1,66,'\'(573.253522-741.552114]\'',36,'\'(15.967208-18.512556]\'',4,3,1,1,3,'INGENIERIA EN COMPUTACION E INFORMATICA',7,A
1,1,0,1,1,0,1,1,0,1,1,0,81,'\'(741.552114-inf)\'',66,'\'(18.512556-21.845585]\'',8,5,4,2,2,'INGENIERIA EN COMPUTACION E INFORMATICA',6.8,A
1,1,0,1,0,1,1,1,0,1,1,1,97,'\'(459.963403-573.253522]\'',34,'\'(18.512556-21.845585]\'',10,6,5,3,3,'INGENIERIA CIVIL INFORMATICA',6.8,A
0,1,0,1,1,0,1,1,0,1,1,1,67,'\'(573.253522-741.552114]\'',87,'\'(18.512556-21.845585]\'',12,8,5,4,4,'INGENIERIA EN COMPUTACION E INFORMATICA',7,A
0,1,0,0,0,0,1,1,0,1,1,1,81,'\'(366.642527-459.963403]\'',46,'\'(15.967208-18.512556]\'',9,5,4,3,3,'INGENIERIA EN COMPUTACION E INFORMATICA',6.9,A
0,1,1,1,1,0,1,1,1,1,1,1,65,'\'(459.963403-573.253522]\'',18,'\'(-inf-13.465412]\'',9,6,4,3,3,'INGENIERIA CIVIL INFORMATICA',6.8,A
0,1,0,1,0,1,1,1,0,1,0,1,75,'\'(459.963403-573.253522]\'',25,'\'(13.465412-15.967208]\'',10,6,5,3,2,'INGENIERIA CIVIL INDUSTRIAL',6.2,A
1,1,0,1,1,1,1,1,0,1,1,1,62,'\'(459.963403-573.253522]\'',74,'\'(15.967208-18.512556]\'',10,7,4,4,3,'INGENIERIA CIVIL INFORMATICA',6.6,A
0,1,0,1,0,0,1,1,0,1,1,1,71,'\'(-inf-366.642527]\'',36,'\'(-inf-13.465412]\'',7,6,2,3,3,'INGENIERIA CIVIL INDUSTRIAL',6.4,A
1,0,1,0,1,0,1,1,1,1,1,1,69,'\'(459.963403-573.253522]\'',23,'\'(-inf-13.465412]\'',5,2,3,1,2,'INGENIERIA INDUSTRIAL',5.7,A
0,1,1,1,1,1,1,1,1,1,1,1,64,'\'(459.963403-573.253522]\'',229,'\'(21.845585-inf)\'',6,4,2,3,3,'INGENIERIA CIVIL INDUSTRIAL',7,A
1,1,1,0,1,1,1,1,1,0,1,1,68,'\'(366.642527-459.963403]\'',76,'\'(13.465412-15.967208]\'',11,7,5,4,3,'INGENIERIA CIVIL INDUSTRIAL',6.2,A
1,0,1,1,1,0,1,1,1,1,1,1,67,'\'(-inf-366.642527]\'',25,'\'(-inf-13.465412]\'',5,3,2,2,2,'INGENIERIA CIVIL INFORMATICA',6.5,A
0,1,1,1,1,1,1,1,1,1,1,1,63,'\'(-inf-366.642527]\'',28,'\'(-inf-13.465412]\'',10,7,5,3,2,'INGENIERIA CIVIL INFORMATICA',6.6,A
0,0,0,0,1,0,0,0,0,1,1,1,125,'\'(741.552114-inf)\'',254,'\'(21.845585-inf)\'',8,5,4,2,3,'INGENIERIA CIVIL INDUSTRIAL',7,A
0,1,0,0,0,1,1,1,0,0,1,1,78,'\'(741.552114-inf)\'',65,'\'(18.512556-21.845585]\'',11,7,5,4,3,'INGENIERIA CIVIL INFORMATICA',6.8,A
1,1,0,0,0,0,1,1,0,1,0,1,85,'\'(459.963403-573.253522]\'',42,'\'(15.967208-18.512556]\'',4,4,1,1,1,'INGENIERIA EN COMPUTACION E INFORMATICA',6.8,A
1,1,0,0,0,1,1,1,0,0,1,1,78,'\'(366.642527-459.963403]\'',65,'\'(15.967208-18.512556]\'',10,7,4,4,3,'INGENIERIA CIVIL INDUSTRIAL',7,A
0,1,0,1,1,0,0,1,0,1,1,0,91,'\'(573.253522-741.552114]\'',93,'\'(21.845585-inf)\'',5,2,3,1,2,'INGENIERIA CIVIL INDUSTRIAL',6.6,A
1,1,1,1,1,1,1,1,1,1,1,1,61,'\'(-inf-366.642527]\'',47,'\'(-inf-13.465412]\'',10,6,5,3,3,'INGENIERIA EN COMPUTACION E INFORMATICA',6.4,A
1,0,1,0,1,1,1,1,1,1,1,1,63,'\'(459.963403-573.253522]\'',18,'\'(-inf-13.465412]\'',8,6,4,2,2,'INGENIERIA CIVIL INFORMATICA',6.3,A
1,0,1,1,1,1,1,1,1,1,1,1,63,'\'(459.963403-573.253522]\'',69,'\'(13.465412-15.967208]\'',4,3,2,1,0,'INGENIERIA CIVIL INDUSTRIAL',6.6,A
0,1,0,0,0,1,1,1,0,0,0,1,93,'\'(573.253522-741.552114]\'',73,'\'(18.512556-21.845585]\'',5,2,3,1,2,'INGENIERIA CIVIL INDUSTRIAL',7,A
1,0,0,0,0,0,1,1,0,0,0,0,148,'\'(366.642527-459.963403]\'',124,'\'(21.845585-inf)\'',8,4,4,2,2,'BACHILLERATO EN CIENCIAS',7,A
0,1,1,1,0,0,1,1,1,1,1,0,80,'\'(366.642527-459.963403]\'',36,'\'(13.465412-15.967208]\'',10,6,5,4,3,'INGENIERIA EN COMPUTACION E INFORMATICA',6.8,A
1,1,0,1,0,1,1,1,0,1,0,1,73,'\'(741.552114-inf)\'',28,'\'(18.512556-21.845585]\'',9,6,4,3,3,'INGENIERIA CIVIL INFORMATICA',6.4,A
1,1,0,0,1,0,1,1,0,1,1,0,71,'\'(-inf-366.642527]\'',72,'\'(13.465412-15.967208]\'',8,5,4,3,3,'INGENIERIA CIVIL INFORMATICA',6.8,A
1,1,0,1,0,0,1,1,0,1,1,1,70,'\'(459.963403-573.253522]\'',44,'\'(13.465412-15.967208]\'',10,6,5,3,3,'INGENIERIA EN COMPUTACION E INFORMATICA',6.4,A
0,1,1,0,1,0,1,1,1,0,1,1,75,'\'(366.642527-459.963403]\'',63,'\'(13.465412-15.967208]\'',7,4,3,2,1,'INGENIERIA CIVIL INDUSTRIAL',7,A
0,1,1,1,1,0,1,1,1,1,1,1,68,'\'(-inf-366.642527]\'',42,'\'(-inf-13.465412]\'',6,3,4,1,2,'INGENIERIA CIVIL INFORMATICA',7,A
1,1,1,1,1,1,1,1,1,1,1,1,61,'\'(573.253522-741.552114]\'',28,'\'(13.465412-15.967208]\'',7,5,3,2,3,'INGENIERIA CIVIL INDUSTRIAL',6,A
0,0,0,1,0,1,1,1,0,1,1,1,70,'\'(-inf-366.642527]\'',24,'\'(-inf-13.465412]\'',11,7,5,3,3,'INGENIERIA CIVIL INFORMATICA',6.8,A
1,1,1,1,1,1,1,1,1,1,1,1,61,'\'(573.253522-741.552114]\'',56,'\'(13.465412-15.967208]\'',6,3,3,2,3,'INGENIERIA CIVIL INFORMATICA',6.8,A
1,1,0,0,0,1,1,1,0,0,0,1,90,'\'(366.642527-459.963403]\'',32,'\'(15.967208-18.512556]\'',4,3,2,0,1,'INGENIERIA CIVIL INDUSTRIAL',6.8,A
0,0,0,0,0,0,1,1,0,1,1,1,82,'\'(573.253522-741.552114]\'',90,'\'(18.512556-21.845585]\'',10,6,5,3,2,'INGENIERIA CIVIL INFORMATICA',7,A
0,1,0,0,1,0,1,1,0,1,1,1,70,'\'(741.552114-inf)\'',31,'\'(15.967208-18.512556]\'',8,5,4,3,3,'INGENIERIA CIVIL INFORMATICA',6.6,A
1,1,0,1,1,1,1,1,0,1,1,1,62,'\'(459.963403-573.253522]\'',41,'\'(13.465412-15.967208]\'',9,5,5,2,3,'INGENIERIA CIVIL INFORMATICA',6.8,A
1,1,1,0,0,1,1,1,1,0,1,1,70,'\'(-inf-366.642527]\'',34,'\'(-inf-13.465412]\'',8,5,5,2,2,'INGENIERIA CIVIL INFORMATICA',6.7,A
1,1,1,1,1,1,1,1,1,1,1,1,61,'\'(-inf-366.642527]\'',18,'\'(-inf-13.465412]\'',7,5,2,4,3,'INGENIERIA CIVIL INFORMATICA',7,A
1,1,0,1,0,0,1,1,0,1,1,1,74,'\'(741.552114-inf)\'',62,'\'(21.845585-inf)\'',9,5,5,2,3,'INGENIERIA CIVIL INDUSTRIAL',6.6,A
1,1,0,0,1,1,1,1,0,1,1,1,74,'\'(459.963403-573.253522]\'',62,'\'(15.967208-18.512556]\'',7,4,4,2,1,'INGENIERIA CIVIL INDUSTRIAL',7,A
1,1,1,1,1,0,1,1,1,1,1,1,62,'\'(573.253522-741.552114]\'',103,'\'(18.512556-21.845585]\'',7,4,3,2,2,'INGENIERIA CIVIL INDUSTRIAL',6.8,A
0,1,0,0,1,1,1,1,0,0,1,1,69,'\'(-inf-366.642527]\'',57,'\'(13.465412-15.967208]\'',10,6,5,3,3,'INGENIERIA CIVIL INFORMATICA',6.8,A
1,1,1,0,0,1,1,1,1,1,1,1,70,'\'(366.642527-459.963403]\'',33,'\'(-inf-13.465412]\'',6,4,2,2,3,'INGENIERIA CIVIL INFORMATICA',7,A
1,1,0,1,1,1,1,1,0,1,1,1,62,'\'(366.642527-459.963403]\'',29,'\'(-inf-13.465412]\'',9,5,5,3,3,'INGENIERIA CIVIL INFORMATICA',7,A
1,0,0,1,1,0,1,1,0,1,1,1,71,'\'(366.642527-459.963403]\'',39,'\'(13.465412-15.967208]\'',9,6,4,3,3,'INGENIERIA CIVIL INDUSTRIAL',6.8,A
1,1,0,0,1,0,1,1,0,1,1,0,105,'\'(366.642527-459.963403]\'',143,'\'(21.845585-inf)\'',10,6,5,3,3,'INGENIERIA CIVIL INDUSTRIAL',7,A
0,0,0,1,1,0,1,1,0,1,1,1,77,'\'(366.642527-459.963403]\'',42,'\'(13.465412-15.967208]\'',6,4,2,1,2,'INGENIERIA CIVIL INDUSTRIAL',6.8,A
1,1,1,1,1,1,1,1,1,1,1,1,61,'\'(366.642527-459.963403]\'',60,'\'(13.465412-15.967208]\'',5,4,1,2,2,'INGENIERIA CIVIL INDUSTRIAL',7,A
0,1,0,0,0,0,1,1,0,1,1,1,85,'\'(366.642527-459.963403]\'',69,'\'(15.967208-18.512556]\'',10,6,4,4,3,'INGENIERIA CIVIL INDUSTRIAL',6.6,A
1,1,1,1,1,0,1,1,1,1,1,1,63,'\'(366.642527-459.963403]\'',27,'\'(-inf-13.465412]\'',7,4,3,2,3,'INGENIERIA CIVIL INFORMATICA',7,A
1,0,1,0,1,1,1,1,1,1,1,1,67,'\'(459.963403-573.253522]\'',78,'\'(15.967208-18.512556]\'',10,6,5,3,3,'INGENIERIA INDUSTRIAL',6.8,A
1,1,1,1,1,1,1,1,1,1,1,1,61,'\'(741.552114-inf)\'',62,'\'(18.512556-21.845585]\'',8,5,3,3,3,'INGENIERIA EN COMPUTACION E INFORMATICA',7,A
1,1,1,1,1,1,1,1,1,1,1,1,61,'\'(459.963403-573.253522]\'',73,'\'(13.465412-15.967208]\'',10,7,4,4,3,'INGENIERIA CIVIL INDUSTRIAL',7,A
1,0,1,1,1,0,1,1,1,1,1,0,70,'\'(-inf-366.642527]\'',43,'\'(-inf-13.465412]\'',8,5,4,2,3,'INGENIERIA CIVIL INFORMATICA',7,A
1,1,0,0,0,1,1,1,0,1,1,1,71,'\'(741.552114-inf)\'',43,'\'(18.512556-21.845585]\'',9,6,4,3,2,'INGENIERIA CIVIL INDUSTRIAL',6.8,A
1,1,0,0,0,0,1,1,0,1,1,1,68,'\'(459.963403-573.253522]\'',24,'\'(13.465412-15.967208]\'',10,7,4,4,3,'INGENIERIA CIVIL INFORMATICA',7,A
0,1,0,0,0,0,1,1,0,1,0,1,85,'\'(-inf-366.642527]\'',137,'\'(18.512556-21.845585]\'',9,5,4,2,2,'INGENIERIA CIVIL INFORMATICA',7,A
0,0,0,0,0,1,1,0,0,0,0,1,87,'\'(459.963403-573.253522]\'',62,'\'(18.512556-21.845585]\'',8,4,5,2,2,'INGENIERIA CIVIL INFORMATICA',7,A
0,0,1,0,0,0,1,1,1,0,1,1,89,'\'(573.253522-741.552114]\'',80,'\'(18.512556-21.845585]\'',9,6,3,4,3,'INGENIERIA CIVIL INFORMATICA',6.9,A
1,1,0,0,0,0,1,1,0,1,1,0,101,'\'(573.253522-741.552114]\'',41,'\'(18.512556-21.845585]\'',10,7,4,4,3,'INGENIERIA CIVIL INDUSTRIAL',7,A
1,0,0,0,1,1,1,1,0,1,1,1,66,'\'(573.253522-741.552114]\'',29,'\'(13.465412-15.967208]\'',11,7,5,4,3,'INGENIERIA CIVIL INDUSTRIAL',6.8,A
