op1;op2;op3;op4;op5;op6;sv1;sv2;sv3;sv4;sv5;sv6;lt;tt;pt;game_score;score;score_a;score_p;score_d;score_s;programa;sol1;estado
0;1;1;1;1;1;1;1;1;1;1;1;69;737.567575;61;18.10999;9;6;4;3;3;'INGENIERIA EN COMPUTACION E INFORMATICA';1;R
1;0;1;1;0;0;1;1;1;1;1;1;70;454.022769;81;16.759012;5;4;2;2;1;'INGENIERIA CIVIL INDUSTRIAL';1;R
1;1;0;1;0;1;1;1;0;1;1;1;74;473.478219;66;16.66499;8;5;4;2;2;'INGENIERIA INDUSTRIAL';1;R
1;0;0;1;0;0;1;0;0;1;1;1;95;281.679075;107;20.672782;9;6;4;3;3;'INGENIERIA CIVIL INDUSTRIAL';1;R
1;1;1;1;1;1;1;1;1;1;1;1;61;923.280446;43;17.524196;6;4;3;2;3;'INGENIERIA EN COMPUTACION E INFORMATICA';1;R
1;1;0;1;0;1;1;1;0;1;1;1;66;299.79185;33;11.692424;8;4;4;3;3;'INGENIERIA EN COMPUTACION E INFORMATICA';1;R
1;0;0;0;0;0;1;1;0;1;0;0;99;446.075711;65;20.322845;5;2;2;2;3;'INGENIERIA CIVIL INFORMATICA';1;R
0;1;1;1;1;0;1;1;1;1;1;1;66;1234.05764;88;24.076744;7;4;4;1;1;'INGENIERIA CIVIL INDUSTRIAL';5.2;R
1;1;1;1;0;0;1;1;1;1;1;1;65;690.652797;52;16.468508;8;4;5;2;3;'INGENIERIA EN COMPUTACION E INFORMATICA';3.6;R
1;1;0;1;1;0;1;1;0;1;1;1;65;379.914273;46;13.1027;7;5;2;2;3;'INGENIERIA INDUSTRIAL';5;R
0;1;0;0;1;1;1;1;0;1;1;1;68;613.247591;117;20.182458;6;2;4;2;1;'INGENIERIA INDUSTRIAL';4.6;R
0;0;1;0;0;0;1;1;1;1;1;1;74;304.372129;32;12.95007;7;3;4;2;3;'INGENIERIA CIVIL INFORMATICA';3.6;R
1;1;1;1;0;0;1;1;1;1;1;1;66;389.658762;60;14.213889;9;5;4;3;2;'INGENIERIA EN COMPUTACION E INFORMATICA';4.4;R
0;1;1;1;1;1;1;1;1;1;1;1;67;365.144853;45;13.217606;5;3;3;1;2;'INGENIERIA EN COMPUTACION E INFORMATICA';4;R
0;1;1;1;1;1;1;1;1;1;1;1;65;589.094739;61;16.040084;4;3;1;3;3;'INGENIERIA EN COMPUTACION E INFORMATICA';4.2;R
1;1;0;1;0;0;1;1;0;1;1;0;74;582.616711;52;16.860187;5;4;2;1;2;'INGENIERIA CIVIL INFORMATICA';4.6;R
0;0;0;0;0;0;1;0;0;1;0;0;109;976.065741;37;25.314216;5;4;3;0;0;'INGENIERIA CIVIL INFORMATICA';1;R
0;1;1;1;1;1;1;1;1;1;1;1;63;288.676323;34;11.168426;7;3;4;2;1;'INGENIERIA EN COMPUTACION E INFORMATICA';4.2;R
0;0;1;1;1;0;1;1;1;1;1;1;73;676.813293;47;17.303337;8;5;3;3;3;'INGENIERIA INDUSTRIAL';4.6;R
0;0;0;1;1;1;1;1;0;1;1;1;89;463.041868;109;21.589166;3;2;2;0;0;'INGENIERIA EN COMPUTACION E INFORMATICA';4.3;R
1;1;1;0;0;1;1;1;1;1;1;1;64;759.838325;47;16.670337;8;5;3;3;3;'INGENIERIA INDUSTRIAL';5;R
1;0;0;0;0;0;1;1;0;0;0;1;111;891.968937;37;24.821489;7;5;2;3;3;'INGENIERIA EN COMPUTACION E INFORMATICA';2.8;R
0;1;0;0;0;0;1;1;0;1;1;1;72;715.292;41;17.147618;4;3;3;0;1;'INGENIERIA EN COMPUTACION E INFORMATICA';2;R
1;0;0;0;0;0;1;0;0;1;1;1;82;533.256705;17;15.514093;7;4;4;2;2;'INGENIERIA EN COMPUTACION E INFORMATICA';4.6;R
1;1;0;1;1;1;1;1;0;1;1;1;64;270.219118;51;12.191331;5;2;3;2;1;'INGENIERIA CIVIL INFORMATICA';4.2;R
0;1;1;1;1;1;1;1;1;1;1;1;63;485.584006;23;12.394286;8;5;4;1;2;'INGENIERIA CIVIL INDUSTRIAL';3.8;R
0;1;1;0;1;1;1;1;1;1;1;1;66;807.542181;50;17.633111;8;5;4;2;3;'INGENIERIA INDUSTRIAL';6.6;R
1;1;0;1;0;1;1;1;0;1;1;1;73;863.299246;51;19.347744;7;4;3;2;3;'INGENIERIA EN COMPUTACION E INFORMATICA';6.8;R
0;1;1;1;1;1;1;1;1;1;1;1;63;499.99169;67;15.22933;6;3;4;1;2;'INGENIERIA CIVIL INFORMATICA';4.4;R
0;1;0;0;0;0;1;1;0;1;1;1;93;319.46064;70;18.451519;11;7;5;4;3;'INGENIERIA CIVIL INDUSTRIAL';1;R
0;1;1;0;0;1;1;1;1;1;1;1;72;494.099434;27;14.155609;5;3;2;2;1;'INGENIERIA EN COMPUTACION E INFORMATICA';6.4;R
1;1;0;0;0;0;1;1;0;0;1;1;101;437.333659;66;20.618452;11;7;5;4;3;'INGENIERIA EN COMPUTACION E INFORMATICA';6;R
1;1;0;1;0;0;1;1;0;1;0;0;103;299.296877;108;22.178768;4;3;1;1;1;'INGENIERIA CIVIL INDUSTRIAL';6;R
0;1;0;0;0;0;1;1;0;0;0;1;83;397.358094;28;15.036221;8;6;3;3;3;'INGENIERIA EN COMPUTACION E INFORMATICA';4.4;R
0;0;0;0;0;0;1;1;0;0;1;1;84;827.065983;28;19.341607;4;3;0;3;2;'INGENIERIA CIVIL INDUSTRIAL';4.5;R
1;1;1;1;0;1;1;1;1;1;1;1;66;301.96542;58;13.245231;10;7;4;3;3;'INGENIERIA CIVIL INFORMATICA';5.1;R
1;1;0;0;0;1;1;1;0;1;1;1;65;394.040972;73;14.893385;6;3;3;2;2;'INGENIERIA EN COMPUTACION E INFORMATICA';4.8;R
0;1;1;1;1;1;1;1;1;1;1;1;65;312.138509;44;12.326218;6;3;3;2;2;'INGENIERIA EN COMPUTACION E INFORMATICA';4.8;R
1;1;1;1;0;0;1;1;1;1;1;1;66;892.00394;28;17.100026;4;3;1;1;2;'INGENIERIA EN COMPUTACION E INFORMATICA';6.3;R
0;1;1;0;0;1;1;1;1;1;1;1;70;446.692893;44;14.421173;9;5;5;3;3;'INGENIERIA CIVIL INDUSTRIAL';5.6;R
0;0;1;1;1;0;1;0;1;1;1;1;71;305.467778;21;11.808611;5;2;3;2;1;'INGENIERIA EN COMPUTACION E INFORMATICA';5.7;R
1;1;0;0;0;0;1;1;0;1;1;1;79;439.244927;28;14.803003;11;7;5;4;3;'INGENIERIA EN COMPUTACION E INFORMATICA';4.4;R
0;1;0;0;0;1;1;1;0;0;0;1;97;743.635673;48;21.833528;8;5;4;2;2;'INGENIERIA INDUSTRIAL';5.4;R
0;1;0;0;0;0;1;1;0;0;0;0;112;263.800469;100;22.78016;5;3;1;2;2;'INGENIERIA CIVIL INFORMATICA';6.1;R
1;1;0;0;0;0;1;1;0;0;1;0;86;378.275644;91;19.190353;6;4;2;2;3;'INGENIERIA EN COMPUTACION E INFORMATICA';4.4;R
1;0;1;1;0;1;1;1;1;1;1;1;64;511.183259;30;13.229536;4;3;1;1;1;'INGENIERIA CIVIL INDUSTRIAL';6.4;R
1;0;0;0;0;0;1;1;0;0;0;0;89;808.65028;85;23.453213;5;4;1;3;3;'INGENIERIA CIVIL INFORMATICA';4;R
1;1;0;0;1;0;1;1;0;1;1;1;92;807.807755;97;24.658387;6;4;2;3;3;'INGENIERIA CIVIL INFORMATICA';5.8;R
1;1;0;1;0;0;1;1;0;1;1;1;75;362.230533;73;16.17987;5;3;2;1;2;'INGENIERIA EN COMPUTACION E INFORMATICA';4.9;R
1;1;0;1;0;0;1;1;0;1;1;0;70;428.215674;31;13.44634;8;5;4;2;2;'INGENIERIA EN COMPUTACION E INFORMATICA';4.6;A
1;1;0;0;0;0;1;1;0;0;1;0;103;861.832286;61;24.72655;6;3;3;2;2;'INGENIERIA INDUSTRIAL';3.6;A
1;0;0;1;0;0;1;1;0;1;1;1;77;443.349764;38;15.136662;3;2;0;2;3;'INGENIERIA CIVIL INDUSTRIAL';3;A
1;0;0;0;0;0;1;1;0;0;0;0;99;295.478325;85;20.095272;4;2;1;2;2;'INGENIERIA CIVIL INDUSTRIAL';5.5;A
1;0;0;1;0;1;1;1;0;1;0;1;82;689.799447;54;19.291616;8;5;4;3;2;'INGENIERIA CIVIL INDUSTRIAL';6.6;A
1;1;0;0;0;0;1;1;0;0;0;1;85;394.048846;57;17.099903;6;4;3;2;2;'INGENIERIA CIVIL INDUSTRIAL';5.3;A
0;1;0;1;0;1;1;1;0;1;1;1;66;292.1912;60;13.273471;6;4;3;2;2;'INGENIERIA CIVIL INFORMATICA';2.2;A
1;1;1;1;1;1;1;1;1;1;1;1;61;343.749404;18;10.400743;9;6;3;3;3;'INGENIERIA CIVIL INFORMATICA';6.6;A
0;0;0;0;0;0;1;1;0;1;0;1;101;960.024411;135;29.889511;3;2;1;1;1;'INGENIERIA EN COMPUTACION E INFORMATICA';3.6;A
1;0;0;1;0;0;1;1;0;1;0;0;110;286.826173;135;24.828213;9;5;4;4;2;'INGENIERIA EN COMPUTACION E INFORMATICA';4.8;A
0;0;0;0;1;0;1;0;0;1;1;0;98;534.837193;35;19.181718;6;3;3;1;2;'INGENIERIA CIVIL INDUSTRIAL';3.9;A
1;1;1;1;1;1;1;1;1;1;1;1;61;375.642109;33;11.627562;9;6;4;2;4;'INGENIERIA CIVIL INDUSTRIAL';6.2;A
1;1;0;0;0;1;1;1;0;1;1;1;88;624.460222;70;20.597609;6;4;1;3;3;'INGENIERIA EN COMPUTACION E INFORMATICA';5.3;A
0;1;1;0;1;1;1;1;1;0;1;1;69;782.304734;33;16.825981;8;4;5;2;3;'INGENIERIA CIVIL INFORMATICA';5.6;A
1;1;1;0;0;1;1;1;1;0;1;1;73;605.603891;59;17.351553;5;2;3;1;2;'INGENIERIA EN COMPUTACION E INFORMATICA';5.6;A
0;1;0;0;0;0;1;1;0;1;1;1;79;536.46251;47;16.905205;8;4;4;2;3;'INGENIERIA EN COMPUTACION E INFORMATICA';6;A
1;1;1;1;1;0;1;1;1;1;1;1;65;1715.04026;60;26.842518;7;5;2;3;3;'INGENIERIA CIVIL INDUSTRIAL';5.8;A
1;0;1;1;1;1;1;1;1;1;1;1;63;436.325967;41;13.021941;7;5;2;3;3;'INGENIERIA CIVIL INDUSTRIAL';5;A
0;0;0;0;0;0;0;0;0;0;0;0;177;2262.968067;623;84.472331;7;4;2;3;3;'INGENIERIA CIVIL INDUSTRIAL';5;A
0;1;0;0;0;1;1;1;0;0;1;1;83;311.519731;44;15.188383;10;6;5;2;2;'INGENIERIA EN COMPUTACION E INFORMATICA';6.2;A
0;1;1;1;0;0;1;1;1;1;1;1;67;573.426832;30;14.308117;8;6;3;3;3;'INGENIERIA CIVIL INDUSTRIAL';5.2;A
1;1;0;1;0;1;1;1;0;1;1;1;65;369.248866;23;11.590506;11;7;5;4;3;'INGENIERIA CIVIL INDUSTRIAL';6.2;A
0;1;0;0;0;1;1;1;0;0;1;1;107;485.401536;53;21.241727;3;2;2;0;1;'INGENIERIA CIVIL INDUSTRIAL';6;A
0;0;0;0;0;0;1;0;0;1;0;1;116;228.582538;102;23.20027;9;6;3;3;2;'INGENIERIA CIVIL INDUSTRIAL';7;A
1;1;0;0;0;0;1;1;0;0;0;1;86;620.388342;34;18.033796;3;2;1;1;2;'INGENIERIA EN COMPUTACION E INFORMATICA';6.5;A
0;1;0;0;0;0;1;1;0;0;0;0;172;318.526404;239;41.385644;6;2;4;1;1;'INGENIERIA EN COMPUTACION E INFORMATICA';4.6;A
0;1;0;0;1;0;1;1;0;1;1;0;75;662.911685;60;18.284443;5;2;3;1;1;'INGENIERIA CIVIL INDUSTRIAL';5.8;A
0;0;0;1;0;1;1;0;0;1;0;1;117;762.460333;118;29.491116;3;2;1;1;1;'INGENIERIA EN COMPUTACION E INFORMATICA';4.2;A
1;1;0;1;0;1;1;1;0;1;1;1;67;385.85375;24;12.130674;5;2;2;2;1;'INGENIERIA EN COMPUTACION E INFORMATICA';4.2;A
0;1;0;0;0;1;1;1;0;0;1;1;75;1348.805774;109;27.904704;9;5;5;3;2;'INGENIERIA CIVIL INDUSTRIAL';4.5;A
1;0;0;0;1;1;1;1;0;0;1;1;75;409.805942;159;21.908418;9;5;4;3;3;'INGENIERIA EN COMPUTACION E INFORMATICA';6;A
1;1;0;0;1;0;1;1;0;1;1;1;71;558.610958;38;15.292716;8;4;4;3;3;'INGENIERIA EN COMPUTACION E INFORMATICA';5.8;A
1;0;1;0;1;1;1;1;1;1;1;1;66;740.90866;93;19.624954;4;3;1;1;1;'INGENIERIA CIVIL INDUSTRIAL';5.8;A
0;0;0;0;0;1;0;1;0;0;1;1;102;1105.622541;258;38.990291;3;3;1;0;1;'INGENIERIA CIVIL INDUSTRIAL';4.5;A
0;1;0;0;0;0;1;1;0;1;1;1;79;393.233866;129;20.547682;9;6;4;3;3;'INGENIERIA CIVIL INFORMATICA';6.8;A
1;1;1;1;1;0;1;1;1;1;1;1;65;292.735681;33;11.465001;11;7;4;4;3;'INGENIERIA EN COMPUTACION E INFORMATICA';6;A
1;1;0;0;0;0;1;1;0;0;1;1;85;466.577562;95;20.128088;9;7;2;4;3;'INGENIERIA CIVIL INDUSTRIAL';5.4;A
0;1;0;1;1;1;1;1;0;1;1;1;64;208.265079;54;11.777386;7;3;4;2;2;'INGENIERIA CIVIL INFORMATICA';5.8;A
1;1;0;0;0;0;1;1;0;1;1;0;75;329.092;36;13.593015;9;6;4;2;2;'INGENIERIA EN COMPUTACION E INFORMATICA';5.9;A
1;1;0;0;0;0;1;1;0;0;0;1;79;1030.993132;35;20.941412;8;5;3;3;3;'INGENIERIA INDUSTRIAL';7;A
0;1;0;1;1;1;1;1;0;1;1;1;69;803.490858;126;22.728826;4;3;2;2;1;'INGENIERIA EN COMPUTACION E INFORMATICA';4.5;A
0;1;0;1;0;1;1;1;0;1;1;1;66;445.282085;47;13.954017;3;3;0;1;1;'INGENIERIA CIVIL INDUSTRIAL';5.8;A
1;1;0;1;0;0;1;1;0;1;1;1;71;884.622297;43;18.74461;8;5;3;3;2;'INGENIERIA EN COMPUTACION E INFORMATICA';5.9;A
1;1;1;0;0;1;1;1;1;1;1;1;67;703.856078;25;15.260199;6;4;2;3;2;'INGENIERIA CIVIL INDUSTRIAL';6.7;A
1;1;1;1;1;1;1;1;1;1;1;1;61;609.110721;141;20.49772;7;5;2;2;3;'INGENIERIA EN COMPUTACION E INFORMATICA';5;A
0;1;0;1;0;1;1;1;0;1;1;1;73;322.309829;65;14.985825;7;4;3;2;3;'INGENIERIA EN COMPUTACION E INFORMATICA';6.9;A
1;1;1;1;1;1;1;1;1;1;1;1;61;219.600884;26;9.693081;5;3;2;2;1;'INGENIERIA CIVIL INDUSTRIAL';5.8;A
0;1;0;1;0;1;1;1;0;1;1;1;69;739.647495;40;16.843316;6;3;3;2;3;'INGENIERIA CIVIL INDUSTRIAL';7;A
0;1;1;1;0;0;1;1;1;1;1;1;71;634.337157;182;24.846737;6;3;3;1;2;'INGENIERIA CIVIL INDUSTRIAL';6.3;A
1;1;1;1;0;1;1;1;1;1;1;1;65;673.641393;75;17.713662;7;4;3;2;3;'INGENIERIA CIVIL INDUSTRIAL';6.9;A
1;1;0;0;0;1;1;1;0;0;1;1;71;711.859248;49;17.445343;8;5;4;3;2;'INGENIERIA CIVIL INDUSTRIAL';5.6;A
1;0;0;1;1;1;1;1;0;1;1;1;76;1175.244507;43;22.345389;6;2;3;2;3;'INGENIERIA CIVIL INDUSTRIAL';7;A
1;1;1;1;1;1;1;1;1;1;1;1;61;792.493007;55;16.997572;7;5;3;2;3;'INGENIERIA CIVIL INFORMATICA';6.6;A
1;1;1;1;1;0;1;1;1;1;1;1;65;569.289691;28;13.826971;8;6;3;4;3;'INGENIERIA CIVIL INDUSTRIAL';6.9;A
0;1;1;1;0;0;1;1;1;1;1;1;81;574.293584;113;21.632947;6;3;3;2;2;'INGENIERIA CIVIL INDUSTRIAL';5;A
1;1;0;1;0;1;1;1;0;1;1;1;73;741.609056;24;16.519231;7;5;3;3;2;'INGENIERIA EN COMPUTACION E INFORMATICA';5.6;A
0;1;0;0;0;0;1;1;0;0;1;1;86;280.62778;93;18.370742;3;2;0;2;1;'INGENIERIA CIVIL INDUSTRIAL';5.5;A
1;1;0;1;0;1;1;1;0;1;1;1;66;578.882553;55;15.733251;8;6;3;3;3;'INGENIERIA CIVIL INDUSTRIAL';4.8;A
0;0;0;0;0;0;1;1;0;0;1;0;142;1182.976315;137;38.696189;5;2;2;2;2;'INGENIERIA CIVIL INDUSTRIAL';6;A
1;1;0;1;1;0;1;1;0;1;1;1;66;437.918692;19;12.167315;7;4;3;3;3;'INGENIERIA CIVIL INFORMATICA';5.8;A
1;1;0;1;1;1;1;1;0;1;1;1;63;836.498373;26;15.96391;10;7;4;4;3;'INGENIERIA CIVIL INFORMATICA';6.2;A
1;1;0;1;0;0;1;1;0;1;0;1;78;412.546055;147;21.677597;5;5;1;2;2;'INGENIERIA CIVIL INDUSTRIAL';6;A
1;1;1;1;1;1;1;1;1;1;1;1;61;226.796347;46;10.987975;5;2;3;1;2;'INGENIERIA CIVIL INFORMATICA';6.6;A
1;1;0;1;1;1;1;1;0;1;1;1;63;1052.039119;47;19.330302;4;2;3;1;1;'INGENIERIA CIVIL INDUSTRIAL';3.8;A
1;1;1;1;1;1;1;1;1;1;1;1;61;377.802947;89;15.079723;7;3;4;2;3;'INGENIERIA EN COMPUTACION E INFORMATICA';6.1;A
1;0;1;1;1;1;1;1;1;1;1;1;65;374.60779;42;12.806407;7;4;4;1;2;'INGENIERIA EN COMPUTACION E INFORMATICA';4.8;A
0;0;0;0;0;0;0;0;0;1;1;0;105;554.577447;80;23.244873;10;6;4;4;3;'INGENIERIA CIVIL INFORMATICA';6.4;A
1;1;0;1;0;1;1;1;0;1;1;1;66;595.124595;20;13.745393;8;5;3;3;3;'INGENIERIA CIVIL INDUSTRIAL';6.5;A
0;0;0;1;0;0;0;0;0;1;0;0;119;648.919181;186;32.880887;5;3;2;3;2;'INGENIERIA EN COMPUTACION E INFORMATICA';4.7;A
0;1;0;0;1;0;1;1;0;0;1;0;86;1236.653064;70;26.185682;7;4;3;2;1;'INGENIERIA CIVIL INDUSTRIAL';6.9;A
0;1;1;1;1;1;1;1;1;1;1;1;65;733.73572;34;15.781272;8;6;4;1;1;'INGENIERIA EN COMPUTACION E INFORMATICA';6.4;A
0;0;0;0;0;0;1;1;0;1;1;1;81;782.940754;62;20.521138;7;4;4;2;2;'INGENIERIA CIVIL INDUSTRIAL';6.2;A
0;0;0;0;0;0;1;1;0;0;1;0;144;1895.901486;142;46.199911;5;4;2;2;2;'INGENIERIA CIVIL INDUSTRIAL';5.2;A
0;1;1;0;0;1;1;1;1;1;1;1;65;368.730453;41;12.688426;9;5;4;3;3;'INGENIERIA EN COMPUTACION E INFORMATICA';6.4;A
0;0;0;1;0;1;1;1;0;1;1;1;80;289.089775;97;17.741437;9;6;4;3;3;'INGENIERIA CIVIL INDUSTRIAL';6.7;A
1;1;0;0;1;0;1;1;0;0;1;1;72;369.741322;41;13.813565;8;5;3;3;3;'INGENIERIA EN COMPUTACION E INFORMATICA';6.6;A
1;1;0;0;0;0;1;1;0;1;0;1;81;597.124884;26;16.522446;6;4;4;1;0;'BACHILLERATO EN CIENCIAS';7;A
0;1;0;0;1;1;1;1;0;1;1;1;70;883.445842;69;20.167028;8;5;4;3;3;'INGENIERIA EN COMPUTACION E INFORMATICA';3.8;A
0;0;0;0;0;0;1;0;0;0;1;0;121;929.241955;49;27.509808;4;3;2;1;2;'INGENIERIA EN COMPUTACION E INFORMATICA';6;A
0;1;1;1;1;0;1;1;1;1;1;0;72;469.032317;67;16.364686;6;3;3;2;1;'INGENIERIA CIVIL INDUSTRIAL';7;A
0;0;1;1;1;1;1;1;1;1;1;1;64;560.339505;35;14.010188;7;4;4;1;2;'INGENIERIA CIVIL INDUSTRIAL';5.4;A
0;1;1;0;0;0;1;1;1;1;1;1;79;817.9195;135;25.01291;6;4;2;3;3;'INGENIERIA CIVIL INFORMATICA';6.2;A
0;1;0;0;0;0;1;1;0;1;1;0;105;361.56862;102;22.730639;5;3;2;1;2;'INGENIERIA CIVIL INDUSTRIAL';6.2;A
0;1;1;0;0;1;1;1;1;1;1;1;71;558.593;45;15.721457;7;5;3;2;1;'INGENIERIA CIVIL INDUSTRIAL';6.2;A
1;1;1;0;1;1;1;1;1;1;1;1;65;350.230318;35;12.142286;9;6;5;2;2;'INGENIERIA EN COMPUTACION E INFORMATICA';5.9;A
0;1;1;1;1;0;1;1;1;1;1;1;65;888.993744;69;19.423853;8;6;4;3;2;'INGENIERIA CIVIL INDUSTRIAL';5.8;A
0;1;0;0;1;1;1;1;0;1;1;1;67;229.397046;70;13.439676;8;4;4;3;2;'INGENIERIA CIVIL INFORMATICA';5.6;A
0;1;0;0;0;0;1;1;0;1;0;0;108;656.447334;25;21.33575;10;7;5;2;2;'INGENIERIA EN COMPUTACION E INFORMATICA';4.8;A
1;1;0;0;0;1;1;1;0;0;1;1;81;445.089446;48;16.403545;8;5;4;2;2;'INGENIERIA CIVIL INDUSTRIAL';6.9;A
1;1;1;1;1;1;1;1;1;1;1;1;61;354.886962;37;11.672399;7;4;4;2;3;'INGENIERIA EN COMPUTACION E INFORMATICA';6.7;A
1;1;0;0;1;0;1;1;0;1;1;1;70;741.780679;71;18.922716;9;5;5;2;3;'INGENIERIA CIVIL INDUSTRIAL';5;A
0;1;0;0;0;0;1;1;0;1;1;0;79;706.686267;105;22.101471;7;5;2;3;2;'INGENIERIA CIVIL INDUSTRIAL';6.1;A
1;1;1;0;0;1;1;1;1;1;1;1;65;356.551735;18;11.16163;11;7;5;3;2;'INGENIERIA CIVIL INDUSTRIAL';6.6;A
1;1;1;1;1;1;1;1;1;1;1;1;61;515.710732;37;13.224111;3;2;1;1;1;'INGENIERIA EN COMPUTACION E INFORMATICA';3.7;A
0;0;1;0;0;1;1;1;1;1;0;1;75;605.161512;42;16.624318;1;1;0;0;1;'INGENIERIA CIVIL INDUSTRIAL';5.9;A
1;0;0;0;0;0;1;1;0;0;1;0;99;812.205967;44;22.568718;6;4;1;3;3;'INGENIERIA CIVIL INDUSTRIAL';6.3;A
1;1;0;0;1;0;1;1;0;1;1;1;70;294.553727;60;13.93363;10;6;5;3;2;'INGENIERIA CIVIL INFORMATICA';6.3;A
1;1;1;0;0;1;1;1;1;1;1;1;65;613.321714;66;16.580205;6;5;1;2;3;'INGENIERIA CIVIL INDUSTRIAL';5.2;A
0;1;1;0;0;0;1;1;1;0;0;1;82;500.824147;40;16.610456;8;7;1;4;3;'INGENIERIA CIVIL INDUSTRIAL';3.8;A
1;0;0;0;0;1;1;1;0;1;1;1;77;455.510549;54;16.23437;11;7;5;3;3;'INGENIERIA INDUSTRIAL';6.6;A
0;1;1;1;1;1;1;1;1;1;1;1;63;461.604343;17;11.795277;7;4;2;3;3;'INGENIERIA CIVIL INFORMATICA';4.3;A
1;1;0;0;1;1;1;1;0;1;1;1;64;261.827917;29;10.762352;10;7;4;3;3;'INGENIERIA CIVIL INFORMATICA';6.8;A
1;1;0;0;0;1;1;1;0;1;1;1;67;386.375631;49;13.667545;5;3;3;2;1;'INGENIERIA CIVIL INDUSTRIAL';6.1;A
1;1;1;1;1;1;1;1;1;1;1;1;61;926.111986;35;17.061328;7;5;3;2;3;'INGENIERIA EN COMPUTACION E INFORMATICA';6.3;A
1;1;1;0;1;1;1;1;1;1;1;1;63;1034.175382;45;19.035396;7;5;3;2;3;'INGENIERIA EN COMPUTACION E INFORMATICA';6;A
0;1;0;1;1;1;1;1;0;1;1;1;64;584.21704;48;15.037126;6;4;3;1;2;'INGENIERIA CIVIL INDUSTRIAL';6.6;A
0;0;0;0;1;0;1;1;0;0;1;0;102;716.426013;90;24.941184;6;4;2;1;2;'INGENIERIA CIVIL INDUSTRIAL';7;A
1;0;0;0;0;0;1;1;0;1;0;0;98;344.79532;83;20.28922;10;6;5;3;3;'INGENIERIA CIVIL INFORMATICA';4.7;A
1;1;0;0;0;1;1;1;0;0;1;1;81;653.914333;62;19.276224;9;5;5;2;2;'INGENIERIA CIVIL INDUSTRIAL';5.9;A
1;1;1;1;1;1;1;1;1;1;1;1;61;798.558076;60;17.362458;2;2;2;0;0;'INGENIERIA CIVIL INDUSTRIAL';5.3;A
1;1;0;1;1;1;1;1;0;1;1;1;62;388.823532;28;11.607717;10;6;4;4;3;'INGENIERIA CIVIL INDUSTRIAL';6.8;A
1;1;1;0;0;1;1;1;1;1;1;1;68;1149.934099;105;24.625407;7;3;5;1;1;'INGENIERIA CIVIL INDUSTRIAL';4.4;A
0;1;1;1;1;1;0;1;1;1;1;1;85;1151.537726;265;37.153424;8;5;4;3;3;'INGENIERIA EN COMPUTACION E INFORMATICA';5.2;A
0;0;0;0;0;1;1;1;0;1;1;1;74;498.611204;86;18.132955;4;2;1;2;2;'INGENIERIA EN COMPUTACION E INFORMATICA';6.6;A
1;1;1;0;1;1;1;1;1;1;1;1;63;207.664044;23;9.71277;8;6;3;3;3;'INGENIERIA EN COMPUTACION E INFORMATICA';5;A
0;0;0;0;0;0;1;0;0;1;1;0;99;396.212972;157;25.478899;4;3;1;1;2;'INGENIERIA CIVIL INDUSTRIAL';5.4;A
0;1;0;1;0;1;1;1;0;1;1;1;75;845.821943;98;22.377647;8;4;5;2;2;'INGENIERIA CIVIL INFORMATICA';6.2;A
1;1;0;0;0;1;1;1;0;1;1;1;70;251.856304;13;10.641811;8;4;4;3;2;'INGENIERIA INDUSTRIAL';6.4;A
0;0;0;1;0;0;1;1;0;1;1;0;85;408.009779;59;17.357152;8;5;5;1;1;'INGENIERIA INDUSTRIAL';6.3;A
0;1;1;1;1;1;1;1;1;1;1;1;62;388.914283;35;12.037507;7;4;3;2;2;'INGENIERIA CIVIL INFORMATICA';6.6;A
0;1;0;0;0;0;1;1;0;1;1;0;102;1111.695186;99;29.306407;6;3;5;0;0;'INGENIERIA CIVIL INFORMATICA';6.4;A
0;1;0;0;0;0;1;1;0;0;1;1;106;589.726388;95;24.66245;2;2;1;0;1;'INGENIERIA CIVIL INDUSTRIAL';5.9;A
1;0;0;0;0;0;1;1;0;0;1;1;88;878.648432;75;23.356516;10;7;4;4;3;'INGENIERIA CIVIL INDUSTRIAL';6.5;A
1;1;0;1;1;1;1;1;0;1;1;1;65;470.856742;46;13.98016;10;7;4;4;3;'INGENIERIA EN COMPUTACION E INFORMATICA';6.9;A
1;1;0;1;1;0;1;1;0;1;1;1;66;383.72727;26;12.073362;5;3;2;1;2;'INGENIERIA EN COMPUTACION E INFORMATICA';5.6;A
1;1;0;1;0;1;1;1;0;1;1;1;67;329.124426;60;13.789163;11;7;5;3;4;'INGENIERIA CIVIL INDUSTRIAL';7;A
1;1;1;1;1;0;1;1;1;1;1;1;63;277.872748;45;11.738195;9;5;5;2;2;'INGENIERIA CIVIL INFORMATICA';6.8;A
1;1;1;1;0;0;1;1;1;1;1;1;65;551.251096;45;14.694574;9;6;4;3;3;'INGENIERIA CIVIL INDUSTRIAL';5.2;A
1;0;0;0;0;0;1;1;0;0;1;0;120;630.10541;148;30.530312;10;6;4;4;4;'INGENIERIA CIVIL INFORMATICA';5.7;A
0;1;0;0;0;1;1;1;0;0;1;1;73;425.12254;32;13.955792;8;5;5;1;1;'INGENIERIA EN COMPUTACION E INFORMATICA';5.6;A
0;1;1;0;0;0;1;1;1;0;1;1;78;581.066404;49;17.298772;8;5;3;3;3;'INGENIERIA CIVIL INDUSTRIAL';6.2;A
0;1;0;1;0;0;1;1;0;1;1;0;80;591.107993;78;19.49127;10;6;4;3;3;'INGENIERIA CIVIL INDUSTRIAL';6.3;A
1;1;0;1;0;0;1;1;0;1;1;1;71;438.822913;122;19.283908;8;4;4;3;3;'INGENIERIA EN COMPUTACION E INFORMATICA';6.6;A
1;0;1;1;1;1;1;1;1;1;1;1;63;440.889593;51;13.678707;8;4;4;2;3;'INGENIERIA CIVIL INDUSTRIAL';5.7;A
1;1;0;0;0;0;1;1;0;0;0;0;92;732.131231;43;20.619456;5;3;2;1;2;'INGENIERIA INDUSTRIAL';6.5;A
0;1;0;0;0;0;1;1;0;0;0;0;121;733.848573;52;25.808371;5;3;1;2;3;'INGENIERIA CIVIL INDUSTRIAL';6.5;A
0;0;1;1;1;1;1;1;1;1;1;1;73;458.018997;43;14.947202;6;5;1;4;3;'INGENIERIA EN COMPUTACION E INFORMATICA';5.9;A
0;1;1;1;1;0;1;1;1;1;1;1;64;635.246705;75;17.183869;3;2;0;2;1;'INGENIERIA EN COMPUTACION E INFORMATICA';6.6;A
1;1;1;1;1;1;1;1;1;1;1;1;61;275.704144;17;9.682934;7;4;2;4;2;'INGENIERIA CIVIL INFORMATICA';6.8;A
1;1;0;1;1;0;1;1;0;1;1;1;66;356.404907;55;13.586671;6;4;2;3;3;'INGENIERIA EN COMPUTACION E INFORMATICA';6.8;A
0;1;0;0;0;1;1;1;0;0;1;1;93;518.304061;88;21.472985;8;5;4;2;3;'INGENIERIA CIVIL INFORMATICA';5;A
0;0;1;0;0;1;1;1;1;0;1;1;80;688.97658;129;23.560502;6;6;2;2;1;'INGENIERIA EN COMPUTACION E INFORMATICA';6.4;A
0;1;1;1;1;1;1;1;1;1;1;1;63;1570.117236;55;24.819176;6;3;3;2;2;'INGENIERIA CIVIL INFORMATICA';5.7;A
0;1;1;1;1;1;1;1;1;1;1;1;68;507.331446;58;15.545391;7;4;3;1;2;'INGENIERIA CIVIL INDUSTRIAL';5;A
1;1;0;0;0;1;1;1;0;1;1;1;69;576.42827;105;19.251266;7;3;5;1;2;'INGENIERIA INDUSTRIAL';4.8;A
0;0;0;0;0;1;1;1;0;1;1;1;88;380.324807;31;15.8524;10;6;5;3;3;'INGENIERIA CIVIL INFORMATICA';7;A
0;0;0;0;0;0;1;1;0;1;1;0;97;665.756218;24;19.611544;10;7;4;4;3;'INGENIERIA CIVIL INDUSTRIAL';6.7;A
1;1;1;1;1;0;1;1;1;1;1;1;62;361.508178;25;11.160344;7;5;4;2;1;'INGENIERIA CIVIL INFORMATICA';6.8;A
1;1;1;1;1;0;1;1;1;1;1;0;66;775.554249;100;20.388147;6;5;3;1;1;'INGENIERIA CIVIL INDUSTRIAL';5.9;A
0;0;0;0;0;1;1;1;0;0;1;1;111;595.62231;62;23.494018;2;1;1;1;1;'INGENIERIA CIVIL INDUSTRIAL';6.7;A
0;1;0;1;1;0;1;1;0;1;1;0;87;455.351755;65;18.500255;9;5;4;3;2;'INGENIERIA EN COMPUTACION E INFORMATICA';6.8;A
0;0;0;1;1;0;1;1;0;1;1;1;79;518.099407;110;20.588254;2;2;0;1;1;'INGENIERIA EN COMPUTACION E INFORMATICA';6;A
0;0;0;1;0;0;1;1;0;1;1;0;98;365.576565;34;17.48733;5;3;2;2;2;'INGENIERIA EN COMPUTACION E INFORMATICA';5.3;A
1;1;0;0;0;0;1;1;0;0;1;0;90;388.409794;69;18.57748;4;3;1;3;1;'INGENIERIA EN COMPUTACION E INFORMATICA';5.3;A
0;1;1;0;0;0;1;1;1;1;1;1;73;484.593692;78;17.348179;6;4;1;4;3;'INGENIERIA EN COMPUTACION E INFORMATICA';5.4;A
1;1;0;0;0;0;1;1;0;0;0;1;103;1044.648833;310;41.747545;4;3;1;2;1;'INGENIERIA EN COMPUTACION E INFORMATICA';2;A
1;1;1;0;0;0;1;1;1;1;1;1;73;567.906565;48;16.313821;5;5;1;1;1;'INGENIERIA CIVIL INDUSTRIAL';6.6;A
1;1;1;0;0;0;1;1;1;0;1;1;74;1441.499904;169;32.31613;5;4;1;3;3;'INGENIERIA INDUSTRIAL';6.6;A
0;1;0;1;0;0;1;1;0;1;1;1;70;447.464461;73;16.205547;6;3;5;0;0;'INGENIERIA CIVIL INDUSTRIAL';5.8;A
1;1;0;0;1;1;1;1;0;1;1;1;91;576.41373;150;25.513929;7;4;4;2;3;'INGENIERIA CIVIL INDUSTRIAL';7;A
0;1;1;1;0;1;1;1;1;1;1;1;67;660.389413;75;17.904482;10;6;5;2;4;'INGENIERIA CIVIL INFORMATICA';6.8;A
1;1;1;1;0;0;1;1;1;1;1;0;72;524.370813;42;15.366784;8;5;5;2;0;'INGENIERIA EN COMPUTACION E INFORMATICA';6.7;A
1;1;1;1;1;0;1;1;1;1;1;1;63;391.907226;44;12.777186;8;5;5;0;1;'INGENIERIA CIVIL INFORMATICA';6.3;A
1;1;0;0;0;1;1;1;0;0;1;1;100;1203.504334;165;33.917594;5;3;2;2;1;'INGENIERIA CIVIL INDUSTRIAL';7;A
0;1;0;0;0;1;1;1;0;0;1;1;77;544.889553;73;18.260941;6;4;2;2;2;'INGENIERIA CIVIL INDUSTRIAL';6.6;A
1;1;0;0;0;1;1;1;0;1;1;1;79;321.490632;89;17.404528;7;5;3;2;1;'INGENIERIA CIVIL INDUSTRIAL';6;A
1;1;0;0;0;0;1;1;0;0;1;0;82;643.698163;53;18.785533;7;3;4;3;2;'INGENIERIA EN COMPUTACION E INFORMATICA';5.5;A
0;0;1;1;0;0;1;1;1;1;1;0;77;865.953104;61;20.623447;7;4;2;3;2;'INGENIERIA INDUSTRIAL';6.2;A
0;1;0;1;0;0;1;1;0;1;1;1;75;541.820738;35;15.584259;6;4;2;1;2;'INGENIERIA EN COMPUTACION E INFORMATICA';6.4;A
0;0;1;0;0;0;0;1;1;1;1;0;92;486.728308;79;20.457524;4;1;3;1;1;'INGENIERIA EN COMPUTACION E INFORMATICA';7;A
0;0;0;0;0;1;1;1;0;1;1;1;88;1202.249314;82;26.9077;4;3;1;1;2;'INGENIERIA INDUSTRIAL';5.2;A
0;0;0;0;0;0;1;0;0;0;0;0;134;520.804958;88;28.030091;4;2;2;1;2;'INGENIERIA CIVIL INDUSTRIAL';6.2;A
0;0;0;0;0;0;1;0;0;0;1;0;97;507.835069;44;19.313307;6;4;3;1;1;'INGENIERIA CIVIL INDUSTRIAL';6.1;A
1;1;1;0;0;1;1;1;1;1;1;1;67;580.198293;38;14.863639;10;7;4;4;3;'INGENIERIA CIVIL INDUSTRIAL';7;A
0;0;1;0;1;0;1;1;1;1;1;1;67;732.893154;47;16.888379;10;7;4;4;3;'INGENIERIA CIVIL INDUSTRIAL';5.6;A
0;1;1;0;0;0;1;1;1;1;1;1;73;800.474649;65;19.599407;1;1;1;0;0;'INGENIERIA EN COMPUTACION E INFORMATICA';6.8;A
1;0;0;0;0;1;1;0;0;0;1;1;88;1338.063587;174;33.855262;5;5;1;2;1;'INGENIERIA CIVIL INDUSTRIAL';6.4;A
0;0;0;1;0;0;1;1;0;1;1;1;75;770.444573;102;21.895461;8;5;4;3;3;'INGENIERIA CIVIL INDUSTRIAL';6.6;A
1;1;1;1;1;1;1;1;1;1;1;1;61;355.713222;43;12.048012;7;5;2;3;3;'INGENIERIA CIVIL INFORMATICA';6.4;A
1;0;1;1;0;1;1;1;1;1;1;1;64;326.349587;30;11.446164;3;1;1;2;1;'INGENIERIA EN COMPUTACION E INFORMATICA';6;A
0;0;0;1;0;0;1;1;0;1;1;1;81;607.067529;85;20.233511;12;8;5;4;3;'INGENIERIA EN COMPUTACION E INFORMATICA';6;A
0;0;0;1;0;0;1;1;0;1;1;0;75;629.304722;36;16.489623;9;5;5;2;3;'INGENIERIA CIVIL INDUSTRIAL';6.4;A
1;0;0;1;0;0;1;0;0;1;1;1;80;362.276677;31;14.403535;7;4;3;2;3;'INGENIERIA EN COMPUTACION E INFORMATICA';6.9;A
0;1;0;0;0;0;1;1;0;1;1;1;83;815.8602;77;22.076545;8;5;4;2;3;'INGENIERIA CIVIL INDUSTRIAL';6.8;A
0;0;0;0;0;1;1;1;0;1;1;1;79;380.563982;80;17.423038;10;6;5;3;3;'INGENIERIA EN COMPUTACION E INFORMATICA';6.5;A
1;1;1;1;1;0;1;1;1;1;1;1;63;366.272024;39;12.223477;9;6;4;3;3;'INGENIERIA CIVIL INDUSTRIAL';5.5;A
1;1;1;0;1;1;1;1;1;1;1;1;63;437.711333;59;14.138229;8;4;5;2;2;'INGENIERIA CIVIL INDUSTRIAL';6.8;A
1;0;0;1;0;0;1;0;0;1;1;0;100;298.317071;28;16.789416;8;5;5;1;1;'INGENIERIA CIVIL INFORMATICA';5.8;A
1;1;0;0;0;1;1;1;0;1;1;1;76;419.897307;66;16.466696;5;3;1;1;2;'INGENIERIA CIVIL INDUSTRIAL';6;A
1;1;0;0;0;0;1;1;0;0;0;0;113;354.202502;90;23.199012;3;2;1;1;2;'INGENIERIA EN COMPUTACION E INFORMATICA';6.1;A
1;1;1;0;1;1;1;1;1;0;1;1;69;636.186432;58;16.947992;5;3;2;2;0;'INGENIERIA EN COMPUTACION E INFORMATICA';4;A
0;0;1;0;0;0;1;1;1;0;1;0;95;740.423007;113;25.466622;7;5;3;2;2;'INGENIERIA EN COMPUTACION E INFORMATICA';6.6;A
0;0;0;0;0;1;1;1;0;0;1;1;80;1019.13687;98;24.846584;9;6;4;2;3;'INGENIERIA INDUSTRIAL';6.4;A
1;0;0;1;1;1;1;1;0;1;1;1;64;547.781136;73;16.217409;3;2;1;1;1;'INGENIERIA EN COMPUTACION E INFORMATICA';5.3;A
1;0;0;1;0;0;1;0;0;1;1;0;83;492.912333;30;16.080725;8;5;4;3;2;'INGENIERIA CIVIL INFORMATICA';5.9;A
0;1;0;1;1;0;1;1;0;1;1;1;73;474.596708;81;17.435543;6;4;3;1;2;'INGENIERIA CIVIL INDUSTRIAL';4.4;A
0;0;1;1;0;1;1;1;1;1;1;1;76;413.655451;53;15.609916;6;5;2;2;2;'INGENIERIA CIVIL INDUSTRIAL';6.2;A
0;1;1;0;1;0;1;1;1;1;1;1;65;559.012856;110;18.752236;5;3;2;1;2;'INGENIERIA INDUSTRIAL';6.8;A
0;1;0;0;0;0;1;1;0;0;0;0;145;302.12162;135;30.552721;6;2;3;3;1;'INGENIERIA EN COMPUTACION E INFORMATICA';6.4;A
1;1;1;1;1;1;1;1;1;1;1;1;61;205.981901;60;11.644975;6;4;3;1;1;'INGENIERIA CIVIL INDUSTRIAL';5.8;A
1;1;1;1;1;1;1;1;1;1;1;1;61;362.271107;45;12.233833;8;5;3;3;3;'INGENIERIA EN COMPUTACION E INFORMATICA';6.6;A
1;1;0;0;0;0;1;1;0;0;1;0;89;620.294057;68;20.594206;8;6;3;4;3;'INGENIERIA CIVIL INDUSTRIAL';5.7;A
1;1;0;0;0;0;1;1;0;0;1;0;121;535.022769;148;29.772247;5;4;2;1;0;'INGENIERIA CIVIL INDUSTRIAL';6.9;A
1;1;1;0;1;1;1;1;1;1;1;1;63;466.03022;49;13.79873;6;4;2;2;3;'INGENIERIA EN COMPUTACION E INFORMATICA';6.4;A
1;0;0;0;1;0;1;1;0;1;1;1;70;695.972179;36;16.336161;9;6;4;3;2;'INGENIERIA CIVIL INDUSTRIAL';7;A
0;1;1;0;1;1;1;1;1;1;1;1;66;340.716628;43;12.700022;7;3;3;2;2;'INGENIERIA CIVIL INDUSTRIAL';3.8;A
1;1;0;1;0;0;1;1;0;1;1;0;78;1431.177707;122;29.974048;6;4;2;2;3;'INGENIERIA CIVIL INDUSTRIAL';5.4;A
0;1;1;1;1;0;1;1;1;1;1;1;65;539.062691;67;15.924989;7;5;3;2;2;'INGENIERIA EN COMPUTACION E INFORMATICA';5.7;A
0;1;0;1;0;1;1;1;0;1;1;1;86;831.655877;51;21.113863;9;5;5;2;3;'INGENIERIA CIVIL INFORMATICA';6.5;A
1;0;1;0;0;0;1;1;1;1;1;0;85;1263.374734;161;31.860048;5;3;4;0;1;'INGENIERIA INDUSTRIAL';3.2;A
0;0;1;0;1;1;1;1;1;1;1;1;65;505.43289;45;14.252496;10;7;4;3;3;'INGENIERIA EN COMPUTACION E INFORMATICA';6.6;A
1;1;0;1;0;0;1;1;0;1;0;1;75;222.764437;84;15.508236;5;3;2;1;2;'INGENIERIA EN COMPUTACION E INFORMATICA';4.6;A
1;0;0;1;0;0;1;1;0;1;0;1;89;1031.11276;170;30.807888;6;4;2;1;3;'INGENIERIA INDUSTRIAL';6.3;A
0;0;1;0;0;1;1;1;1;0;1;1;76;741.486089;91;21.101387;5;5;1;2;1;'INGENIERIA CIVIL INDUSTRIAL';5;A
0;1;1;0;0;1;1;1;1;0;1;1;73;444.191536;86;17.448545;6;2;4;1;2;'INGENIERIA CIVIL INDUSTRIAL';6;A
1;1;0;1;0;1;1;1;0;1;1;1;68;460.010501;49;14.537353;5;3;2;2;2;'INGENIERIA CIVIL INDUSTRIAL';5.6;A
1;1;0;0;0;0;1;1;0;0;1;0;77;709.297713;93;21.072705;8;5;3;3;3;'INGENIERIA CIVIL INFORMATICA';6.6;A
0;1;0;1;1;1;1;1;0;1;1;1;64;404.530703;29;12.139223;9;7;3;4;3;'INGENIERIA EN COMPUTACION E INFORMATICA';7;A
1;1;0;1;0;1;1;1;0;1;0;1;83;659.810756;98;21.857641;4;3;1;2;1;'INGENIERIA EN COMPUTACION E INFORMATICA';6.1;A
1;1;0;0;0;0;1;1;0;0;0;0;120;434.961469;143;28.341095;5;2;3;1;2;'INGENIERIA CIVIL INDUSTRIAL';5.6;A
0;1;1;0;0;1;1;1;1;1;1;1;72;510.735629;54;15.970506;11;8;4;3;4;'INGENIERIA CIVIL INDUSTRIAL';5;A
1;0;1;0;1;0;1;1;1;1;1;1;73;455.04888;37;14.550904;5;2;2;1;2;'INGENIERIA CIVIL INFORMATICA';7;A
0;0;0;0;0;0;0;0;0;0;0;0;191;253.492538;136;37.474476;9;6;3;2;3;'INGENIERIA CIVIL INDUSTRIAL';5.6;A
0;1;1;0;1;1;1;1;1;1;1;1;67;261.429126;38;11.787988;6;2;4;2;1;'INGENIERIA CIVIL INDUSTRIAL';6.6;A
0;1;0;0;1;1;1;1;0;1;1;1;77;339.830692;45;14.56677;8;5;3;3;2;'INGENIERIA EN COMPUTACION E INFORMATICA';6.8;A
0;1;0;1;0;0;1;1;0;1;1;1;87;704.704752;64;20.844868;6;4;2;3;2;'INGENIERIA CIVIL INDUSTRIAL';4.8;A
0;0;0;0;0;0;1;1;0;0;1;0;122;819.483886;160;33.411497;7;5;2;3;2;'INGENIERIA CIVIL INDUSTRIAL';4.4;A
0;1;0;0;1;0;1;1;0;1;1;1;71;291.730759;25;11.921163;10;6;5;3;3;'INGENIERIA CIVIL INFORMATICA';6.4;A
0;1;0;0;0;1;1;1;0;0;1;1;86;419.125257;69;18.236475;5;3;2;1;2;'INGENIERIA CIVIL INFORMATICA';6.2;A
1;0;1;1;1;0;1;1;1;1;1;1;65;294.069603;36;11.661692;10;6;5;3;3;'INGENIERIA CIVIL INFORMATICA';5.7;A
0;0;1;1;0;0;1;1;1;1;1;0;83;508.09669;31;16.288505;8;6;4;1;2;'INGENIERIA EN COMPUTACION E INFORMATICA';6.3;A
1;1;1;1;1;0;1;1;1;1;1;0;66;302.798592;43;12.334169;8;4;5;3;2;'INGENIERIA CIVIL INFORMATICA';7;A
0;1;0;1;0;0;1;1;0;1;1;1;90;465.199027;41;17.602726;8;5;4;2;3;'INGENIERIA CIVIL INFORMATICA';5.3;A
0;0;1;0;0;1;1;1;1;0;1;1;75;336.086035;54;14.763419;8;4;4;2;2;'INGENIERIA CIVIL INFORMATICA';6.2;A
1;1;0;1;1;0;1;1;0;1;1;1;75;886.020808;56;20.192022;8;5;4;2;3;'INGENIERIA INDUSTRIAL';6.2;A
1;1;1;0;1;1;1;1;1;1;1;1;63;459.916304;45;13.494646;10;6;4;3;3;'INGENIERIA EN COMPUTACION E INFORMATICA';4.6;A
0;1;1;1;0;1;1;1;1;1;1;1;69;395.084965;33;13.089884;8;5;4;2;3;'INGENIERIA EN COMPUTACION E INFORMATICA';6.1;A
1;1;0;0;1;0;1;1;0;0;1;0;75;628.555338;114;21.261721;5;3;4;0;1;'INGENIERIA EN COMPUTACION E INFORMATICA';6.8;A
1;0;0;0;1;1;1;1;0;1;1;1;67;1333.769649;193;31.631869;3;0;2;1;1;'INGENIERIA CIVIL INDUSTRIAL';6.2;A
0;1;1;1;1;0;1;1;1;1;1;1;64;695.958067;31;15.073613;2;1;2;0;0;'INGENIERIA CIVIL INDUSTRIAL';6.2;A
0;1;0;0;0;0;1;1;0;1;1;1;98;2214.613029;127;41.026224;4;3;2;0;1;'INGENIERIA CIVIL INDUSTRIAL';7;A
1;1;1;1;1;0;1;1;1;1;1;1;65;458.759613;132;19.132957;8;6;3;3;3;'INGENIERIA CIVIL INFORMATICA';6.6;A
0;0;0;0;0;0;1;1;0;1;0;0;104;754.20502;147;29.116963;6;3;4;1;2;'INGENIERIA CIVIL INDUSTRIAL';7;A
0;1;0;1;1;0;1;1;0;1;1;1;71;698.005838;45;17.066585;11;8;4;4;3;'INGENIERIA CIVIL INDUSTRIAL';6.7;A
1;1;0;1;1;0;1;1;0;1;1;1;65;397.18741;36;12.656626;5;3;2;2;2;'INGENIERIA EN COMPUTACION E INFORMATICA';7;A
1;1;0;0;0;0;1;1;0;0;1;1;75;315.337605;53;14.501954;9;5;5;3;3;'INGENIERIA CIVIL INFORMATICA';6.2;A
0;1;0;1;1;1;1;1;0;1;1;1;66;492.652527;26;13.12433;4;3;0;3;3;'INGENIERIA CIVIL INFORMATICA';6;A
0;0;1;0;1;0;1;1;1;0;1;0;81;378.120622;101;19.004887;8;6;2;3;3;'INGENIERIA CIVIL INFORMATICA';6.8;A
1;1;0;0;1;1;1;1;0;0;1;1;68;717.449744;71;18.369276;6;4;2;2;1;'INGENIERIA EN COMPUTACION E INFORMATICA';7;A
1;1;1;1;1;0;1;1;1;1;1;1;65;491.783983;32;13.324249;7;5;2;2;2;'INGENIERIA CIVIL INDUSTRIAL';6.3;A
1;0;0;0;0;0;1;1;0;1;1;0;101;585.421615;48;20.94436;7;6;1;2;3;'INGENIERIA CIVIL INDUSTRIAL';6.8;A
1;1;0;0;0;1;1;1;0;0;1;1;80;346.596246;49;15.355164;6;4;2;2;2;'INGENIERIA CIVIL INDUSTRIAL';7;A
0;1;0;1;1;0;1;1;0;1;1;1;74;497.5021;81;17.815887;6;3;4;2;1;'INGENIERIA CIVIL INDUSTRIAL';6.8;A
0;0;0;1;0;0;1;0;0;1;1;1;95;490.649623;78;20.912108;6;3;4;1;2;'INGENIERIA CIVIL INDUSTRIAL';7;A
1;1;0;1;0;1;1;1;0;1;1;1;66;457.182749;39;13.578653;10;6;5;3;3;'INGENIERIA CIVIL INDUSTRIAL';7;A
1;1;0;0;1;1;1;1;0;0;1;1;70;309.572083;37;12.669246;9;6;4;4;3;'INGENIERIA CIVIL INFORMATICA';4.2;A
1;1;1;1;1;0;1;1;1;1;1;1;63;545.984127;33;13.589792;8;5;3;3;3;'INGENIERIA CIVIL INFORMATICA';6.1;A
0;0;1;0;1;1;1;1;1;1;1;1;75;352.906706;62;15.415901;9;7;3;4;3;'INGENIERIA CIVIL INDUSTRIAL';6.6;A
1;0;1;0;1;1;1;1;1;1;1;1;67;512.878468;40;14.336649;9;6;3;4;3;'INGENIERIA CIVIL INFORMATICA';6.4;A
1;0;0;1;0;0;1;1;0;1;1;1;72;592.618844;29;15.228722;7;4;3;3;3;'INGENIERIA CIVIL INFORMATICA';6.2;A
1;0;0;0;1;0;1;0;0;1;1;0;76;368.83699;32;13.890742;10;6;5;2;3;'INGENIERIA CIVIL INDUSTRIAL';4.8;A
1;1;0;0;0;1;1;1;0;0;1;1;95;799.719404;95;24.935823;4;3;2;0;1;'INGENIERIA CIVIL INDUSTRIAL';6.6;A
0;0;0;1;0;0;1;1;0;1;1;1;83;860.059454;98;23.789745;10;6;5;3;1;'INGENIERIA CIVIL INFORMATICA';6.2;A
1;1;1;1;0;0;1;1;1;1;1;1;68;389.28508;89;16.305895;8;4;3;3;3;'INGENIERIA CIVIL INFORMATICA';5.8;A
1;1;1;0;0;0;1;1;1;0;1;1;77;573.788046;79;18.907409;8;5;4;2;3;'INGENIERIA CIVIL INDUSTRIAL';7;A
0;1;0;1;1;0;1;1;0;1;1;1;71;354.911567;76;15.655709;5;3;2;2;1;'INGENIERIA CIVIL INFORMATICA';6.3;A
0;0;1;0;0;0;1;1;1;0;0;0;93;498.526592;43;18.524857;3;2;0;2;2;'INGENIERIA EN COMPUTACION E INFORMATICA';5.9;A
0;1;0;0;0;1;1;1;0;1;0;1;104;838.888549;48;23.867963;6;4;3;1;1;'INGENIERIA CIVIL INDUSTRIAL';6.8;A
0;0;0;0;0;0;1;1;0;1;1;1;72;367.9612;38;13.612569;10;6;4;4;3;'INGENIERIA CIVIL INFORMATICA';6.8;A
1;0;1;0;0;1;1;1;1;1;1;1;73;405.22528;66;15.84711;9;5;5;2;2;'INGENIERIA INDUSTRIAL';6.4;A
1;1;1;1;0;1;1;1;1;1;1;1;63;493.949413;23;12.475;8;5;5;1;1;'INGENIERIA EN COMPUTACION E INFORMATICA';6.6;A
1;1;1;0;1;0;1;1;1;1;1;0;75;821.811613;27;17.795569;8;6;4;2;2;'INGENIERIA EN COMPUTACION E INFORMATICA';6.1;A
1;1;1;1;1;1;1;1;1;1;1;1;61;354.172803;28;11.114048;8;5;3;3;3;'INGENIERIA EN COMPUTACION E INFORMATICA';6.5;A
1;1;0;0;0;0;1;1;0;0;1;1;85;364.289277;29;15.097111;4;2;1;1;2;'INGENIERIA EN COMPUTACION E INFORMATICA';7;A
0;0;0;0;0;0;0;1;0;0;0;0;118;840.839613;66;27.220482;8;6;2;4;3;'INGENIERIA CIVIL INDUSTRIAL';6.5;A
0;1;0;0;0;0;1;1;0;0;0;0;123;380.207515;105;25.962432;5;1;3;1;2;'INGENIERIA EN COMPUTACION E INFORMATICA';6.9;A
1;1;0;0;1;1;1;1;0;1;1;1;65;786.732501;110;20.949394;3;1;2;1;1;'INGENIERIA CIVIL INDUSTRIAL';7;A
1;1;1;1;1;1;1;1;1;1;1;1;61;453.988507;38;12.689856;7;4;3;2;2;'INGENIERIA EN COMPUTACION E INFORMATICA';6.8;A
1;1;0;1;0;0;1;1;0;1;1;1;72;636.553076;18;14.978615;7;4;3;3;3;'INGENIERIA CIVIL INDUSTRIAL';6.6;A
1;1;0;0;1;1;1;1;0;0;1;1;79;718.806379;43;18.419459;5;2;3;2;2;'INGENIERIA CIVIL INFORMATICA';6.4;A
1;1;1;0;0;0;1;1;1;1;1;1;71;218.749286;34;11.768461;7;3;4;2;2;'INGENIERIA CIVIL INFORMATICA';6.5;A
0;0;0;0;0;0;1;1;0;1;1;0;90;428.67419;45;17.495409;10;7;4;3;3;'INGENIERIA EN COMPUTACION E INFORMATICA';6.6;A
1;0;0;0;0;1;1;1;0;0;1;1;92;573.080213;54;19.758856;7;3;4;2;3;'INGENIERIA EN COMPUTACION E INFORMATICA';6.2;A
0;0;0;0;0;0;1;0;0;1;0;0;154;619.408029;88;32.168282;4;2;2;1;1;'INGENIERIA EN COMPUTACION E INFORMATICA';5.8;A
1;1;0;1;1;1;1;1;0;1;1;1;66;382.681028;24;11.940721;9;5;5;1;2;'INGENIERIA CIVIL INDUSTRIAL';7;A
1;1;1;1;0;0;1;1;1;1;1;1;69;680.727316;120;21.176699;6;2;4;1;2;'INGENIERIA CIVIL INDUSTRIAL';6.8;A
1;1;0;0;0;1;1;1;0;0;0;1;78;662.621641;77;19.801316;7;5;4;2;0;'INGENIERIA CIVIL INFORMATICA';6.4;A
1;1;1;1;1;1;1;1;1;1;1;1;61;303.315334;60;12.584099;6;3;3;2;1;'INGENIERIA EN COMPUTACION E INFORMATICA';6.9;A
0;0;1;0;0;1;1;1;1;1;1;1;82;779.717195;131;24.877243;7;4;4;1;2;'INGENIERIA CIVIL INFORMATICA';5;A
1;1;1;0;0;0;1;1;1;0;1;1;76;738.773934;82;20.523758;9;7;2;3;4;'INGENIERIA CIVIL INFORMATICA';4.6;A
1;1;1;0;1;0;1;1;1;1;1;1;66;694.79487;130;21.447141;8;6;3;3;3;'INGENIERIA EN COMPUTACION E INFORMATICA';7;A
1;1;1;1;1;1;1;1;1;1;1;1;61;426.037678;52;13.278;7;3;4;2;3;'INGENIERIA EN COMPUTACION E INFORMATICA';7;A
0;1;1;1;1;1;1;1;1;1;1;1;63;426.859777;43;13.053153;7;4;3;2;2;'INGENIERIA CIVIL INDUSTRIAL';6.6;A
1;0;0;0;0;1;1;1;0;0;1;1;109;508.517368;46;21.354528;6;5;2;3;3;'INGENIERIA CIVIL INFORMATICA';6.8;A
0;1;0;0;0;1;1;1;0;0;1;1;81;585.158609;108;21.431411;6;5;2;2;2;'INGENIERIA EN COMPUTACION E INFORMATICA';6.8;A
0;0;0;0;0;1;1;1;0;1;1;1;79;504.44964;58;17.270336;11;7;5;4;3;'INGENIERIA CIVIL INDUSTRIAL';5.8;A
0;1;1;0;0;1;1;1;1;0;0;1;82;688.926973;34;18.057729;7;4;3;2;2;'INGENIERIA CIVIL INDUSTRIAL';7;A
1;1;1;1;1;1;1;1;1;1;1;1;61;377.815576;56;13.057822;11;7;5;4;3;'INGENIERIA CIVIL INDUSTRIAL';6.6;A
1;0;0;0;0;0;1;1;0;1;1;1;72;650.866259;43;16.648552;9;5;4;2;2;'INGENIERIA CIVIL INDUSTRIAL';5.8;A
1;0;1;1;1;1;1;1;1;1;1;1;66;316.642853;46;12.651566;7;4;4;1;2;'INGENIERIA CIVIL INFORMATICA';6.6;A
1;1;0;0;0;1;1;1;0;0;1;1;73;669.065803;57;17.841319;6;3;4;2;1;'INGENIERIA EN COMPUTACION E INFORMATICA';6.3;A
1;1;0;1;1;0;1;1;0;1;1;1;67;221.091889;43;11.705161;7;4;4;2;3;'INGENIERIA CIVIL INDUSTRIAL';7;A
0;0;0;1;0;1;1;0;0;1;1;1;119;1478.307279;322;49.216442;6;3;4;1;2;'INGENIERIA CIVIL INDUSTRIAL';6.7;A
1;1;1;1;1;0;1;1;1;1;1;0;67;263.484821;26;11.072541;8;5;3;4;4;'INGENIERIA CIVIL INFORMATICA';6.4;A
1;1;1;1;0;0;1;1;1;1;1;0;67;553.01086;27;13.927312;8;4;5;2;2;'INGENIERIA CIVIL INDUSTRIAL';6.2;A
1;1;0;0;0;0;1;1;0;1;1;1;79;442.660681;78;17.899632;6;4;2;3;2;'INGENIERIA EN COMPUTACION E INFORMATICA';6.7;A
1;1;1;1;1;1;1;1;1;1;1;1;61;511.165167;135;19.185049;8;5;2;3;3;'INGENIERIA CIVIL INFORMATICA';7;A
0;1;1;1;1;1;1;1;1;1;1;1;62;609.69377;47;14.902983;2;1;1;1;1;'INGENIERIA CIVIL INDUSTRIAL';6.8;A
1;0;1;0;0;1;1;1;1;1;1;1;71;1743.349288;173;34.995601;4;3;2;1;1;'INGENIERIA EN COMPUTACION E INFORMATICA';6.8;A
0;0;0;1;0;0;1;0;0;1;1;0;95;833.244225;44;22.134342;10;6;5;3;2;'INGENIERIA INDUSTRIAL';6.3;A
1;1;1;1;1;0;1;1;1;1;1;1;65;988.88117;29;17.936681;10;6;5;3;3;'INGENIERIA INDUSTRIAL';6.6;A
0;0;1;1;1;0;1;1;1;1;1;0;71;728.393117;68;18.769066;8;5;5;1;1;'INGENIERIA EN COMPUTACION E INFORMATICA';7;A
0;0;0;0;0;0;1;1;0;0;0;1;92;647.630237;59;20.784521;8;4;5;2;3;'INGENIERIA EN COMPUTACION E INFORMATICA';5.6;A
0;1;0;1;0;1;1;1;0;1;0;1;82;441.56462;99;19.653822;10;6;5;3;3;'INGENIERIA EN COMPUTACION E INFORMATICA';5.5;A
1;1;1;1;1;1;1;1;1;1;1;1;61;511.939852;54;14.229376;7;3;5;1;1;'INGENIERIA CIVIL INDUSTRIAL';5.5;A
1;1;1;1;0;0;1;1;1;1;1;1;69;519.741563;11;12.94462;11;7;5;4;3;'INGENIERIA CIVIL INFORMATICA';6.2;A
1;0;0;0;0;0;1;1;0;0;1;0;97;366.014967;22;16.596938;7;4;4;1;2;'INGENIERIA CIVIL INDUSTRIAL';7;A
0;1;0;0;0;1;1;1;0;0;1;1;86;1062.906539;77;24.938199;2;1;1;0;1;'INGENIERIA CIVIL INFORMATICA';6.8;A
0;1;0;0;0;0;1;1;0;0;1;1;91;572.897982;66;20.333039;5;4;1;2;2;'INGENIERIA EN COMPUTACION E INFORMATICA';6.3;A
0;0;0;0;1;1;1;1;0;1;1;1;69;526.596811;81;17.299903;8;4;5;2;2;'INGENIERIA CIVIL INDUSTRIAL';6.4;A
1;1;0;0;1;0;1;1;0;1;1;1;72;466.87106;71;16.588926;4;3;2;1;1;'INGENIERIA CIVIL INFORMATICA';5.1;A
1;0;0;0;1;0;1;1;0;0;1;0;89;506.807852;87;20.663427;10;7;4;4;3;'INGENIERIA INDUSTRIAL';6.2;A
0;1;1;1;1;1;1;1;1;1;1;1;63;483.367734;37;13.23073;9;5;5;2;3;'INGENIERIA CIVIL INDUSTRIAL';7;A
1;0;0;1;0;0;1;1;0;1;1;1;75;355.682496;98;17.648527;8;5;5;2;2;'INGENIERIA EN COMPUTACION E INFORMATICA';6.4;A
1;1;1;1;1;1;1;1;1;1;1;1;61;323.996528;19;10.271431;8;4;4;3;3;'INGENIERIA CIVIL INFORMATICA';5.8;A
0;0;0;1;0;0;1;0;0;1;0;0;111;1727.116895;283;47.952695;5;4;2;1;2;'INGENIERIA EN COMPUTACION E INFORMATICA';5.5;A
1;0;0;0;0;1;1;1;0;0;1;1;94;923.282522;64;24.069206;10;7;4;4;3;'INGENIERIA CIVIL INDUSTRIAL';6.6;A
0;1;0;0;0;1;1;1;0;1;1;1;70;901.34055;60;19.788224;7;5;3;2;3;'INGENIERIA INDUSTRIAL';5.7;A
0;0;1;1;0;1;1;1;1;1;1;1;69;544.926696;58;16.067471;7;5;3;2;2;'INGENIERIA CIVIL INDUSTRIAL';6.6;A
1;1;0;1;0;0;1;1;0;1;1;1;76;589.885611;128;21.905784;7;4;5;1;1;'INGENIERIA EN COMPUTACION E INFORMATICA';5;A
1;1;0;0;0;0;1;1;0;1;1;1;73;529.0494;28;14.713439;5;4;1;2;2;'INGENIERIA CIVIL INDUSTRIAL';6.6;A
1;0;1;1;1;0;1;1;1;1;1;1;67;410.399588;34;12.980239;7;5;3;3;3;'INGENIERIA EN COMPUTACION E INFORMATICA';6.5;A
0;0;0;1;1;0;1;1;0;1;1;1;72;468.191986;46;15.069836;8;5;5;0;1;'INGENIERIA CIVIL INDUSTRIAL';6.6;A
0;0;1;0;1;0;1;1;1;1;1;0;74;741.495172;134;23.417551;5;3;2;1;2;'INGENIERIA CIVIL INDUSTRIAL';5.8;A
1;1;1;0;1;1;1;1;1;1;1;1;63;467.181404;53;14.054931;8;4;5;2;1;'INGENIERIA CIVIL INFORMATICA';6.7;A
1;1;1;1;0;1;1;1;1;1;1;1;65;473.8082;26;12.783169;5;2;2;2;3;'INGENIERIA CIVIL INFORMATICA';6.6;A
1;0;0;0;0;0;1;1;0;0;0;0;107;427.279901;146;26.379368;9;6;4;3;3;'INGENIERIA CIVIL INDUSTRIAL';6.3;A
1;1;0;0;0;1;1;1;0;1;1;1;70;772.20429;80;19.767719;10;7;4;4;3;'INGENIERIA CIVIL INFORMATICA';6.4;A
0;1;1;0;1;0;1;1;1;1;1;1;69;276.487833;33;11.945597;8;6;2;4;3;'INGENIERIA CIVIL INFORMATICA';7;A
0;1;1;0;0;0;1;1;1;1;1;0;75;528.151294;37;15.574916;10;6;4;3;4;'INGENIERIA CIVIL INDUSTRIAL';7;A
0;1;1;0;1;1;1;1;1;1;1;1;65;494.984295;22;12.742393;8;5;3;2;3;'INGENIERIA CIVIL INDUSTRIAL';5.2;A
1;1;0;0;0;1;1;1;0;0;1;1;83;415.87873;98;19.504058;8;5;4;1;1;'INGENIERIA CIVIL INFORMATICA';6.8;A
0;1;0;1;1;1;1;1;0;1;1;1;71;543.598186;33;14.841498;8;5;4;2;3;'INGENIERIA INDUSTRIAL';6.4;A
1;1;0;0;1;1;1;1;0;0;1;1;74;367.013029;94;17.353415;8;5;5;2;0;'INGENIERIA EN COMPUTACION E INFORMATICA';5.4;A
0;0;0;1;0;1;1;1;0;1;0;1;86;447.6607;46;17.102511;8;4;4;2;3;'INGENIERIA CIVIL INDUSTRIAL';7;A
1;1;0;0;0;0;1;1;0;1;1;1;66;851.222928;59;18.606027;6;4;2;2;2;'INGENIERIA CIVIL INFORMATICA';7;A
1;1;0;0;0;0;1;1;0;0;1;0;106;728.930843;128;28.027591;4;2;2;1;2;'INGENIERIA CIVIL INDUSTRIAL';6.3;A
1;1;0;0;0;0;1;1;0;0;1;1;81;378.275013;36;15.023603;8;5;3;3;3;'INGENIERIA CIVIL INDUSTRIAL';4.8;A
1;0;1;0;1;0;1;1;1;1;1;1;73;552.989227;137;21.623227;9;5;5;2;3;'INGENIERIA CIVIL INFORMATICA';6.2;A
0;0;0;0;0;0;1;1;0;0;1;0;102;483.301956;124;24.775178;8;4;5;1;2;'INGENIERIA CIVIL INFORMATICA';7;A
1;1;0;1;0;1;1;1;0;1;1;1;66;492.974626;49;14.536726;7;5;3;2;3;'INGENIERIA CIVIL INDUSTRIAL';5.8;A
0;1;0;0;0;0;1;1;0;1;1;1;85;844.624846;68;22.121302;5;3;2;1;2;'INGENIERIA CIVIL INDUSTRIAL';6.6;A
1;1;1;1;1;1;1;1;1;1;1;1;61;310.283602;56;12.406238;8;4;5;1;2;'INGENIERIA CIVIL INDUSTRIAL';7;A
1;1;0;1;0;1;1;1;0;1;1;1;66;337.282947;41;12.544345;7;4;3;2;3;'INGENIERIA CIVIL INDUSTRIAL';6.6;A
0;0;0;1;0;0;1;1;0;1;0;1;91;407.99023;72;19.109564;9;6;4;3;2;'INGENIERIA INDUSTRIAL';6.6;A
1;1;0;1;0;0;1;1;0;1;1;0;72;426.41864;50;14.911878;5;4;3;0;1;'INGENIERIA CIVIL INDUSTRIAL';6.6;A
1;1;1;0;0;1;1;1;1;1;1;1;66;733.772567;36;16.063515;4;3;1;1;3;'INGENIERIA EN COMPUTACION E INFORMATICA';7;A
1;1;0;1;1;0;1;1;0;1;1;0;81;867.773717;66;21.584744;8;5;4;2;2;'INGENIERIA EN COMPUTACION E INFORMATICA';6.8;A
1;1;0;1;0;1;1;1;0;1;1;1;97;551.875647;34;19.125499;10;6;5;3;3;'INGENIERIA CIVIL INFORMATICA';6.8;A
0;1;0;1;1;0;1;1;0;1;1;1;67;674.322493;87;18.774196;12;8;5;4;4;'INGENIERIA EN COMPUTACION E INFORMATICA';7;A
0;1;0;0;0;0;1;1;0;1;1;1;81;456.228823;46;16.388477;9;5;4;3;3;'INGENIERIA EN COMPUTACION E INFORMATICA';6.9;A
0;1;1;1;1;0;1;1;1;1;1;1;65;496.587421;18;12.512767;9;6;4;3;3;'INGENIERIA CIVIL INFORMATICA';6.8;A
0;1;0;1;0;1;1;1;0;1;0;1;75;540.735824;25;14.961057;10;6;5;3;2;'INGENIERIA CIVIL INDUSTRIAL';6.2;A
1;1;0;1;1;1;1;1;0;1;1;1;62;559.233667;74;16.070501;10;7;4;4;3;'INGENIERIA CIVIL INFORMATICA';6.6;A
0;1;0;1;0;0;1;1;0;1;1;1;71;346.421599;36;13.122856;7;6;2;3;3;'INGENIERIA CIVIL INDUSTRIAL';6.4;A
1;0;1;0;1;0;1;1;1;1;1;1;69;480.851547;23;13.30467;5;2;3;1;2;'INGENIERIA INDUSTRIAL';5.7;A
0;1;1;1;1;1;1;1;1;1;1;1;64;468.215813;229;25.008377;6;4;2;3;3;'INGENIERIA CIVIL INDUSTRIAL';7;A
1;1;1;0;1;1;1;1;1;0;1;1;68;367.221944;76;15.296464;11;7;5;4;3;'INGENIERIA CIVIL INDUSTRIAL';6.2;A
1;0;1;1;1;0;1;1;1;1;1;1;67;332.740988;25;11.679487;5;3;2;2;2;'INGENIERIA CIVIL INFORMATICA';6.5;A
0;1;1;1;1;1;1;1;1;1;1;1;63;177.99717;28;9.732896;10;7;5;3;2;'INGENIERIA CIVIL INFORMATICA';6.6;A
0;0;0;0;1;0;0;0;0;1;1;1;125;1058.369878;254;41.954119;8;5;4;2;3;'INGENIERIA CIVIL INDUSTRIAL';7;A
0;1;0;0;0;1;1;1;0;0;1;1;78;877.431345;65;21.13863;11;7;5;4;3;'INGENIERIA CIVIL INFORMATICA';6.8;A
1;1;0;0;0;0;1;1;0;1;0;1;85;572.464465;42;17.902248;4;4;1;1;1;'INGENIERIA EN COMPUTACION E INFORMATICA';6.8;A
1;1;0;0;0;1;1;1;0;0;1;1;78;457.231964;65;17.084328;10;7;4;4;3;'INGENIERIA CIVIL INDUSTRIAL';7;A
0;1;0;1;1;0;0;1;0;1;1;0;91;653.401407;93;22.76416;5;2;3;1;2;'INGENIERIA CIVIL INDUSTRIAL';6.6;A
1;1;1;1;1;1;1;1;1;1;1;1;61;301.790253;47;11.772829;10;6;5;3;3;'INGENIERIA EN COMPUTACION E INFORMATICA';6.4;A
1;0;1;0;1;1;1;1;1;1;1;1;63;551.841724;18;12.727208;8;6;4;2;2;'INGENIERIA CIVIL INFORMATICA';6.3;A
1;0;1;1;1;1;1;1;1;1;1;1;63;475.428527;69;15.114879;4;3;2;1;0;'INGENIERIA CIVIL INDUSTRIAL';6.6;A
0;1;0;0;0;1;1;1;0;0;0;1;93;623.195132;73;21.565927;5;2;3;1;2;'INGENIERIA CIVIL INDUSTRIAL';7;A
1;0;0;0;0;0;1;1;0;0;0;0;148;409.602667;124;31.393769;8;4;4;2;2;'BACHILLERATO EN CIENCIAS';7;A
0;1;1;1;0;0;1;1;1;1;1;0;80;411.55064;36;15.185323;10;6;5;4;3;'INGENIERIA EN COMPUTACION E INFORMATICA';6.8;A
1;1;0;1;0;1;1;1;0;1;0;1;73;1012.871226;28;19.381603;9;6;4;3;3;'INGENIERIA CIVIL INFORMATICA';6.4;A
1;1;0;0;1;0;1;1;0;1;1;0;71;215.22916;72;14.062887;8;5;4;3;3;'INGENIERIA CIVIL INFORMATICA';6.8;A
1;1;0;1;0;0;1;1;0;1;1;1;70;550.696311;44;15.424652;10;6;5;3;3;'INGENIERIA EN COMPUTACION E INFORMATICA';6.4;A
0;1;1;0;1;0;1;1;1;0;1;1;75;382.88392;63;15.76641;7;4;3;2;1;'INGENIERIA CIVIL INDUSTRIAL';7;A
0;1;1;1;1;0;1;1;1;1;1;1;68;283.632044;42;12.406648;6;3;4;1;2;'INGENIERIA CIVIL INFORMATICA';7;A
1;1;1;1;1;1;1;1;1;1;1;1;61;622.420138;28;13.702238;7;5;3;2;3;'INGENIERIA CIVIL INDUSTRIAL';6;A
0;0;0;1;0;1;1;1;0;1;1;1;70;362.710393;24;12.385397;11;7;5;3;3;'INGENIERIA CIVIL INFORMATICA';6.8;A
1;1;1;1;1;1;1;1;1;1;1;1;61;585.606891;56;15.0627;6;3;3;2;3;'INGENIERIA CIVIL INFORMATICA';6.8;A
1;1;0;0;0;1;1;1;0;0;0;1;90;407.211629;32;16.491773;4;3;2;0;1;'INGENIERIA CIVIL INDUSTRIAL';6.8;A
0;0;0;0;0;0;1;1;0;1;1;1;82;659.226234;90;21.202473;10;6;5;3;2;'INGENIERIA CIVIL INFORMATICA';7;A
0;1;0;0;1;0;1;1;0;1;1;1;70;920.66664;31;18.197763;8;5;4;3;3;'INGENIERIA CIVIL INFORMATICA';6.6;A
1;1;0;1;1;1;1;1;0;1;1;1;62;537.815355;41;13.841822;9;5;5;2;3;'INGENIERIA CIVIL INFORMATICA';6.8;A
1;1;1;0;0;1;1;1;1;0;1;1;70;224.444413;34;11.664069;8;5;5;2;2;'INGENIERIA CIVIL INFORMATICA';6.7;A
1;1;1;1;1;1;1;1;1;1;1;1;61;275.398779;18;9.741261;7;5;2;4;3;'INGENIERIA CIVIL INFORMATICA';7;A
1;1;0;1;0;0;1;1;0;1;1;1;74;1058.133836;62;22.060958;9;5;5;2;3;'INGENIERIA CIVIL INDUSTRIAL';6.6;A
1;1;0;0;1;1;1;1;0;1;1;1;74;522.432137;62;16.892229;7;4;4;2;1;'INGENIERIA CIVIL INDUSTRIAL';7;A
1;1;1;1;1;0;1;1;1;1;1;1;62;639.337847;103;18.620317;7;4;3;2;2;'INGENIERIA CIVIL INDUSTRIAL';6.8;A
0;1;0;0;1;1;1;1;0;0;1;1;69;332.71738;57;13.958691;10;6;5;3;3;'INGENIERIA CIVIL INFORMATICA';6.8;A
1;1;1;0;0;1;1;1;1;1;1;1;70;367.82904;33;12.986245;6;4;2;2;3;'INGENIERIA CIVIL INFORMATICA';7;A
1;1;0;1;1;1;1;1;0;1;1;1;62;372.26112;29;11.509188;9;5;5;3;3;'INGENIERIA CIVIL INFORMATICA';7;A
1;0;0;1;1;0;1;1;0;1;1;1;71;405.347113;39;13.875221;9;6;4;3;3;'INGENIERIA CIVIL INDUSTRIAL';6.8;A
1;1;0;0;1;0;1;1;0;1;1;0;105;381.680124;143;25.436896;10;6;5;3;3;'INGENIERIA CIVIL INDUSTRIAL';7;A
0;0;0;1;1;0;1;1;0;1;1;1;77;451.236606;42;15.457852;6;4;2;1;2;'INGENIERIA CIVIL INDUSTRIAL';6.8;A
1;1;1;1;1;1;1;1;1;1;1;1;61;456.11273;60;14.058367;5;4;1;2;2;'INGENIERIA CIVIL INDUSTRIAL';7;A
0;1;0;0;0;0;1;1;0;1;1;1;85;448.730158;69;18.362778;10;6;4;4;3;'INGENIERIA CIVIL INDUSTRIAL';6.6;A
1;1;1;1;1;0;1;1;1;1;1;1;63;457.116158;27;12.364707;7;4;3;2;3;'INGENIERIA CIVIL INFORMATICA';7;A
1;0;1;0;1;1;1;1;1;1;1;1;67;542.600085;78;16.951809;10;6;5;3;3;'INGENIERIA INDUSTRIAL';6.8;A
1;1;1;1;1;1;1;1;1;1;1;1;61;1137.679346;62;20.757023;8;5;3;3;3;'INGENIERIA EN COMPUTACION E INFORMATICA';7;A
1;1;1;1;1;1;1;1;1;1;1;1;61;467.912926;73;14.968776;10;7;4;4;3;'INGENIERIA CIVIL INDUSTRIAL';7;A
1;0;1;1;1;0;1;1;1;1;1;0;70;291.484094;43;12.862364;8;5;4;2;3;'INGENIERIA CIVIL INFORMATICA';7;A
1;1;0;0;0;1;1;1;0;1;1;1;71;1083.522515;43;20.663703;9;6;4;3;2;'INGENIERIA CIVIL INDUSTRIAL';6.8;A
1;1;0;0;0;0;1;1;0;1;1;1;68;509.651843;24;13.484483;10;7;4;4;3;'INGENIERIA CIVIL INFORMATICA';7;A
0;1;0;0;0;0;1;1;0;1;0;1;85;338.942818;137;21.470086;9;5;4;2;2;'INGENIERIA CIVIL INFORMATICA';7;A
0;0;0;0;0;1;1;0;0;0;0;1;87;484.211783;62;18.594891;8;4;5;2;2;'INGENIERIA CIVIL INFORMATICA';7;A
0;0;1;0;0;0;1;1;1;0;1;1;89;600.05182;80;21.134179;9;6;3;4;3;'INGENIERIA CIVIL INFORMATICA';6.9;A
1;1;0;0;0;0;1;1;0;1;1;0;101;721.007738;41;21.823651;10;7;4;4;3;'INGENIERIA CIVIL INDUSTRIAL';7;A
1;0;0;0;1;1;1;1;0;1;1;1;66;654.879721;29;14.873402;11;7;5;4;3;'INGENIERIA CIVIL INDUSTRIAL';6.8;A
